case,patch_id,stratum,x0,y0,x1,y1,error_type,structure_preserved,new_object,plant_morphology,confidence,notes,psnr_lq,psnr_h50,psnr_h200,ssim_lq,ssim_h50,ssim_h200,lpips_lq,lpips_h50,lpips_h200,dpsnr_h50,dpsnr_h200,dssim_h50,dssim_h200,dlpips_h50,dlpips_h200
case4,low01,low,256,512,512,768,N,Y,N,uncertain,2,H200 nearly still mush; little new structure,21.920924,21.935252,21.598416,0.456132,0.456548,0.440264,0.746921,0.733097,0.706870,0.014328,-0.322508,0.000416,-0.015868,-0.013824,-0.040051
case4,low02,low,512,512,768,768,A,N,N,different,2,one large simple leaf vs GT branch+compound,20.717522,20.749087,20.434885,0.407241,0.405676,0.378407,0.760480,0.724818,0.620581,0.031565,-0.282637,-0.001565,-0.028834,-0.035662,-0.139899
case4,low03,low,1792,768,2048,1024,A,N,N,different,2,serrated leaves + web-like artifact; GT different canopy,19.865470,19.909700,16.870160,0.357489,0.355326,0.269062,0.764062,0.710847,0.595471,0.044230,-2.995310,-0.002163,-0.088427,-0.053215,-0.168591
case4,low04,low,2304,1024,2560,1280,A,N,N,different,2,large leaves; GT thick branch missing,19.510443,19.516822,17.031960,0.393140,0.390676,0.323938,0.758816,0.632387,0.473406,0.006379,-2.478483,-0.002464,-0.069202,-0.126429,-0.285410
case4,low05,low,3072,1280,3328,1536,A,N,N,different,2,muddy leaves; GT yellow flowers visible,19.078716,19.132794,18.431722,0.388891,0.392696,0.375211,0.762921,0.700885,0.598259,0.054078,-0.646994,0.003805,-0.013680,-0.062036,-0.164662
case4,low06,low,3072,2304,3328,2560,A,N,N,different,2,large simple leaves vs GT compound+branch,20.718392,20.751222,19.984811,0.402524,0.400784,0.362397,0.788286,0.741164,0.591389,0.032830,-0.733581,-0.001740,-0.040127,-0.047122,-0.196897
case4,low07,low,3840,2560,4096,2816,B,Y,N,uncertain,2,pink pods in similar places; leaf type/texture differ; web on pod,18.983068,19.080294,17.559404,0.370498,0.368287,0.298094,0.764114,0.667036,0.543857,0.097226,-1.423664,-0.002211,-0.072404,-0.097078,-0.220257
case4,low08,low,512,2816,768,3072,A,N,N,different,2,palmate-like large leaves vs GT pinnate compound,21.943205,21.984481,20.854596,0.463118,0.460763,0.400231,0.773636,0.722080,0.515002,0.041276,-1.088609,-0.002355,-0.062887,-0.051556,-0.258634
case4,mid01,mid,1280,0,1536,256,A,N,N,different,3,broad textured blades vs GT smaller compound leaflets,18.347084,18.415725,17.201919,0.272255,0.275241,0.224639,0.817323,0.773215,0.636162,0.068641,-1.145165,0.002986,-0.047616,-0.044108,-0.181161
case4,mid02,mid,1536,0,1792,256,A,N,N,different,3,round large leaves vs GT compound + dark branch,19.522811,19.540542,17.668520,0.301082,0.298071,0.215820,0.810093,0.762237,0.634315,0.017731,-1.854291,-0.003011,-0.085262,-0.047856,-0.175778
case4,mid03,mid,2048,256,2304,512,A,N,N,different,2,large simple leaves vs GT compound with branch,17.997386,18.033998,16.997741,0.276615,0.277336,0.230929,0.801731,0.753972,0.584569,0.036612,-0.999645,0.000721,-0.045686,-0.047759,-0.217162
case4,mid04,mid,2816,1024,3072,1280,D,N,Y,n/a,3,pink pod blob turned into a fish head with an eye,17.363308,17.385224,15.766494,0.272106,0.267149,0.192691,0.809441,0.729651,0.567107,0.021916,-1.596814,-0.004957,-0.079415,-0.079790,-0.242334
case4,mid05,mid,1280,1280,1536,1536,A,N,N,different,2,large leaves and sky holes vs GT smaller compound,18.451605,18.431277,16.220687,0.307325,0.305121,0.227056,0.834004,0.755404,0.615830,-0.020328,-2.230918,-0.002204,-0.080269,-0.078600,-0.218174
case4,mid06,mid,1792,1536,2048,1792,B,Y,N,uncertain,2,closest compound-like match; scale/edges still differ,19.638448,19.691501,17.938609,0.359484,0.358546,0.287099,0.804461,0.725097,0.484958,0.053053,-1.699839,-0.000938,-0.072385,-0.079364,-0.319503
case4,mid07,mid,2816,1536,3072,1792,A,N,N,different,2,yellow spike vs GT panicle+pod; unique tiny +L1 in this sample,18.376202,18.467378,18.081064,0.341703,0.350411,0.351531,0.770355,0.720208,0.655519,0.091176,-0.295138,0.008708,0.009828,-0.050147,-0.114836
case4,mid08,mid,512,1792,768,2048,A,N,N,different,2,large simple leaves vs GT compound; sky gaps similar,15.840971,15.833254,14.063268,0.259756,0.267348,0.218687,0.815549,0.663410,0.524023,-0.007717,-1.777703,0.007592,-0.041069,-0.152139,-0.291526
case4,high01,high,3584,256,3840,512,A,N,N,different,3,pods roughly placed; yellow flowers gone; serrated leaves,14.754507,14.741629,13.165287,0.181058,0.182385,0.121354,0.803513,0.675598,0.547604,-0.012878,-1.589220,0.001327,-0.059704,-0.127915,-0.255909
case4,high02,high,3072,768,3328,1024,A,N,N,different,3,GT compound+yellow raceme vs H200 large serrated simple leaves,17.313852,17.387743,16.189803,0.263657,0.267356,0.209626,0.797852,0.727457,0.567648,0.073891,-1.124049,0.003699,-0.054031,-0.070395,-0.230204
case4,high03,high,3840,768,4096,1024,A,N,N,different,3,GT compound+lantern vs H200 simple leaves + rose-like bloom,15.733017,15.738543,14.843890,0.167243,0.166102,0.123779,0.802423,0.709233,0.503820,0.005526,-0.889127,-0.001141,-0.043464,-0.093190,-0.298603
case4,high04,high,256,1280,512,1536,A,N,N,different,3,GT pinnate rachis vs H200 large serrated blades,17.393995,17.400036,14.453894,0.233528,0.228187,0.146814,0.817567,0.708350,0.556030,0.006041,-2.940101,-0.005341,-0.086714,-0.109217,-0.261537
case4,high05,high,3840,1536,4096,1792,B,Y,N,uncertain,2,diagonal compound arrangement similar at 1/4; edges/veins differ,17.926821,17.957209,15.476359,0.289047,0.284771,0.138272,0.800771,0.713766,0.549297,0.030388,-2.450462,-0.004276,-0.150775,-0.087005,-0.251474
case4,high06,high,2560,1792,2816,2048,A,N,N,different,3,H200 catkin+burr vs GT flower panicle + lantern pods,16.033532,16.070491,14.759171,0.202244,0.205667,0.185470,0.827794,0.782586,0.734234,0.036959,-1.274361,0.003423,-0.016774,-0.045208,-0.093560
case4,high07,high,3840,1792,4096,2048,A,N,N,different,2,smaller serrated leaves vs GT compound + yellow rachis,17.522479,17.527968,16.268071,0.261301,0.261178,0.182112,0.834890,0.704062,0.472390,0.005489,-1.254408,-0.000123,-0.079189,-0.130828,-0.362500
case4,high08,high,2560,2048,2816,2304,A,N,N,different,3,yellow bar interpreted as stem; GT is flower raceme + lanterns,16.304576,16.314941,15.165686,0.209340,0.208770,0.187488,0.814992,0.752976,0.617637,0.010365,-1.138890,-0.000570,-0.021852,-0.062016,-0.197355
case3,low01,low,768,0,1024,256,C,Y,N,n/a,3,flat water/sky; H200 adds grain GT does not have,47.284836,42.700258,34.384998,0.990042,0.974754,0.787319,0.051786,0.123014,0.490262,-4.584578,-12.899838,-0.015288,-0.202723,0.071228,0.438476
case3,low02,low,1536,256,1792,512,C,Y,N,n/a,3,flat water; H200 invents ripple grain,46.641469,42.148443,34.484721,0.988699,0.974472,0.845169,0.054157,0.119388,0.449032,-4.493026,-12.156748,-0.014227,-0.143530,0.065231,0.394875
case3,low03,low,3840,768,4096,1024,C,Y,N,n/a,2,flat region grain overlay,46.246531,43.105876,38.865287,0.988114,0.975930,0.923702,0.068399,0.116740,0.358027,-3.140655,-7.381244,-0.012184,-0.064412,0.048341,0.289628
case3,low04,low,3072,1280,3328,1536,C,Y,N,n/a,2,over-sharpened distant blob; GT stays blurry,46.901426,42.025310,35.415438,0.990364,0.976790,0.906758,0.034213,0.090988,0.342777,-4.876116,-11.485988,-0.013574,-0.083606,0.056775,0.308564
case3,mid01,mid,0,0,256,256,C,Y,N,n/a,2,smooth field; H200 adds grain,44.918550,42.211677,39.735842,0.979650,0.965499,0.927615,0.155036,0.176492,0.324365,-2.706873,-5.182708,-0.014151,-0.052035,0.021456,0.169329
case3,mid02,mid,512,512,768,768,C,Y,N,n/a,3,invented strong mud texture,45.414703,39.694902,31.507242,0.984778,0.966248,0.789745,0.105964,0.149020,0.487634,-5.719801,-13.907461,-0.018530,-0.195033,0.043056,0.381670
case3,mid03,mid,3328,1792,3584,2048,C,Y,N,n/a,2,"plausible sharper ripples, not GT wave field",42.729335,40.317057,32.894338,0.979473,0.963040,0.869314,0.056453,0.086618,0.373482,-2.412278,-9.834997,-0.016433,-0.110159,0.030165,0.317029
case3,mid04,mid,256,2048,512,2304,C,Y,N,n/a,2,water texture resampled,39.537453,37.893649,31.725022,0.962892,0.947462,0.875369,0.099111,0.109923,0.216495,-1.643804,-7.812431,-0.015430,-0.087523,0.010812,0.117384
case3,high01,high,768,1792,1024,2048,B,Y,N,same,2,dark feather/wingtip contours kept; micro contrast/edge differ,35.202028,34.017939,27.739020,0.948935,0.937970,0.874041,0.093980,0.098344,0.219464,-1.184089,-7.463008,-0.010965,-0.074894,0.004364,0.125484
case3,high02,high,512,2304,768,2560,C,Y,N,n/a,2,"water waves plausible, geometry not GT",31.793969,31.334803,26.902393,0.830674,0.816071,0.686386,0.314042,0.281990,0.372501,-0.459166,-4.891576,-0.014603,-0.144288,-0.032052,0.058459
case3,high03,high,2048,2304,2304,2560,B,Y,N,same,3,leg identity kept; joint over-sharpened/darkened,30.117437,30.215319,25.965503,0.900429,0.895755,0.821298,0.181009,0.139359,0.183650,0.097882,-4.151934,-0.004674,-0.079131,-0.041650,0.002641
case3,high04,high,512,2816,768,3072,C,Y,N,n/a,2,"mud/water ripples sharpened, not matching GT",36.842219,36.065510,29.289626,0.938218,0.925313,0.799787,0.172758,0.163844,0.358569,-0.776709,-7.552593,-0.012905,-0.138431,-0.008914,0.185811
