case,patch_id,stratum,x0,y0,x1,y1,lq_gt_gradient_difference,required_change_l1,generated_change_200_l1,improvement_200_l1,change_alignment_200,psnr_lq,psnr_h50,psnr_h200,lpips_lq,lpips_h50,lpips_h200,error_type,structure_preserved,new_object,plant_morphology,confidence,notes
case4,low01,low,256,512,512,768,5.228529930114746,14.236699104309082,4.17291259765625,-0.22517967224121094,0.05594108016585291,21.920923920707214,21.935251516642005,21.598416106345777,0.7468270063400269,0.7329701781272888,0.7067325115203857,,,,,,
case4,low02,low,512,512,768,768,5.989202499389648,17.372365951538086,5.266637325286865,-0.1301116943359375,0.0681109205894073,20.717521632285923,20.749086537754984,20.43488501680681,0.7604159116744995,0.7247259616851807,0.6205098032951355,,,,,,
case4,low03,low,1792,768,2048,1024,6.882540702819824,19.554101943969727,15.141438484191895,-3.136180877685547,0.029391520906034353,19.865470372712444,19.9096996051486,16.870159984176677,0.7639856934547424,0.7107669711112976,0.5954358577728271,,,,,,
case4,low04,low,2304,1024,2560,1280,6.308154582977295,19.974563598632812,13.748519897460938,-2.7849788665771484,0.06678928068464059,19.510443252053193,19.516822326580712,17.03195976322378,0.7587429285049438,0.6323238611221313,0.47337955236434937,,,,,,
case4,low05,low,3072,1280,3328,1536,7.311039924621582,20.367767333984375,7.853342533111572,-0.08936500549316406,0.0599224315305111,19.07871636480176,19.13279427717429,18.431721964942437,0.7628695368766785,0.700825572013855,0.5982158184051514,,,,,,
case4,low06,low,3072,2304,3328,2560,6.788708209991455,17.3154239654541,6.610753536224365,-0.7355308532714844,0.04300328654362437,20.718391750502132,20.751221756984553,19.98481124317204,0.7882048487663269,0.7410801649093628,0.5913340449333191,,,,,,
case4,low07,low,3840,2560,4096,2816,7.363348960876465,21.294143676757812,12.149581909179688,-2.7308902740478516,0.0727757409226924,18.983068413526805,19.080294234360707,17.559404261218926,0.7640835642814636,0.667007565498352,0.5438490509986877,,,,,,
case4,low08,low,512,2816,768,3072,6.118930339813232,15.077473640441895,7.073461055755615,-1.028752326965332,0.034216010819385786,21.94320484535571,21.98448131769151,20.85459552201769,0.7735424041748047,0.7219759821891785,0.5149145126342773,,,,,,
case4,mid01,mid,1280,0,1536,256,9.166620254516602,24.2542667388916,12.212885856628418,-1.6151885986328125,0.06026580642504952,18.34708386952617,18.415725249062284,17.201919265644033,0.8172831535339355,0.7731631994247437,0.6361382603645325,,,,,,
case4,mid02,mid,1536,0,1792,256,8.41934585571289,20.66493797302246,12.237950325012207,-3.2226810455322266,0.027287614976849037,19.52281050589175,19.54054174668476,17.668519960734667,0.8100454807281494,0.7622005343437195,0.6343017220497131,,,,,,
case4,mid03,mid,2048,256,2304,512,8.68562126159668,25.261327743530273,11.816044807434082,-1.2253971099853516,0.06818751914484092,17.997386488183793,18.033997727050487,16.997741215871905,0.8016883730888367,0.753922164440155,0.5845522284507751,,,,,,
case4,mid04,mid,2816,1024,3072,1280,9.591470718383789,26.68568992614746,15.345118522644043,-3.6431121826171875,0.06262613350752375,17.363307543044343,17.385224259161813,15.766493962886802,0.8094062209129333,0.7296290397644043,0.5670866966247559,,,,,,
case4,mid05,mid,1280,1280,1536,1536,8.405552864074707,23.15398597717285,13.79283618927002,-3.21954345703125,0.009261813101737907,18.45160502446251,18.431277244550913,16.22068710445529,0.8339518308639526,0.7553523778915405,0.6158045530319214,,,,,,
case4,mid06,mid,1792,1536,2048,1792,7.816257476806641,19.594594955444336,11.382847785949707,-2.4734039306640625,0.04200111152571604,19.638447806931477,19.691500845523233,17.938609095109616,0.8044094443321228,0.7250573635101318,0.48494336009025574,,,,,,
case4,mid07,mid,2816,1536,3072,1792,8.257804870605469,21.881790161132812,7.1740875244140625,0.2756805419921875,0.11916638760697668,18.376201877421728,18.46737821385934,18.081064330028806,0.770311176776886,0.7201560735702515,0.6554755568504333,,,,,,
case4,mid08,mid,512,1792,768,2048,9.634849548339844,31.7044734954834,19.72260093688965,-1.8217105865478516,0.06575878228750248,15.840970764899062,15.833253994232683,14.063267803579153,0.8155280351638794,0.6633944511413574,0.524005651473999,,,,,,
case4,high01,high,3584,256,3840,512,14.82525634765625,37.30642318725586,21.948776245117188,-5.618808746337891,0.03609188487074566,14.754506712108792,14.741628689671183,13.165286967368077,0.8035510182380676,0.6756535768508911,0.5476377010345459,,,,,,
case4,high02,high,3072,768,3328,1024,10.849990844726562,26.288305282592773,13.605586051940918,-2.1397552490234375,0.08496566761687874,17.313852080605752,17.387743131632657,16.189803278157488,0.7978448867797852,0.7274442911148071,0.567642867565155,,,,,,
case4,high03,high,3840,768,4096,1024,13.281131744384766,33.82248306274414,14.23296070098877,-2.4209213256835938,0.026639969913486633,15.73301740838897,15.738543468518673,14.843890308336041,0.8024201989173889,0.7092286944389343,0.5038232207298279,,,,,,
case4,high04,high,256,1280,512,1536,10.022004127502441,28.002716064453125,21.804391860961914,-5.926410675048828,0.028366063461449244,17.393994727088938,17.40003599438507,14.453894327329833,0.8175641298294067,0.7083520889282227,0.5560156106948853,,,,,,
case4,high05,high,3840,1536,4096,1792,10.355998992919922,24.420867919921875,21.024267196655273,-7.406255722045898,0.05677901997278231,17.926821054098234,17.957208714815838,15.476358768745875,0.8007668852806091,0.7137680053710938,0.5492998957633972,,,,,,
case4,high06,high,2560,1792,2816,2048,11.81309700012207,32.35329818725586,15.226231575012207,-2.7795562744140625,0.06070016539138559,16.03353172594254,16.070491414115338,14.75917136934382,0.8277628421783447,0.7825582027435303,0.7342128753662109,,,,,,
case4,high07,high,3840,1792,4096,2048,10.493721961975098,26.4222469329834,15.295796394348145,-3.318958282470703,0.05554458750625223,17.52247894250484,17.527967571194168,16.268070732058327,0.8348752856254578,0.7040567994117737,0.4723920524120331,,,,,,
case4,high08,high,2560,2048,2816,2304,11.754169464111328,30.640213012695312,13.30610179901123,-2.132831573486328,0.02901075884535229,16.30457556675306,16.314940739079805,15.16568630631248,0.8149498105049133,0.7529346942901611,0.617601215839386,,,,,,
case3,low01,low,768,0,1024,256,0.36232489347457886,0.8038330078125,3.2032878398895264,-2.5818583965301514,-0.03907482609681563,47.28483575765354,42.70025821994106,34.38499777262614,0.05181531608104706,0.12295994162559509,0.4901844561100006,,,,,,
case3,low02,low,1536,256,1792,512,0.37592917680740356,0.8828480839729309,3.2525126934051514,-2.6172282099723816,-0.07923166735151153,46.641469058593174,42.14844255694665,34.484721373282525,0.05418962240219116,0.11934763193130493,0.44895368814468384,,,,,,
case3,low03,low,3840,768,4096,1024,0.3841974139213562,0.9298146367073059,2.008270263671875,-1.316731870174408,-0.01564360590376152,46.24653087122573,43.10587561263803,38.86528722911213,0.06841391324996948,0.11672663688659668,0.3579742908477783,,,,,,
case3,low04,low,3072,1280,3328,1536,0.3492209315299988,0.8325144648551941,2.5012664794921875,-1.8819428086280823,-0.06385682903761172,46.901425525116224,42.025310052106605,35.41543812734213,0.03423437476158142,0.09098255634307861,0.3427419662475586,,,,,,
case3,mid01,mid,0,0,256,256,0.5476964116096497,1.0923818349838257,1.7159576416015625,-0.977554202079773,-0.004766141121430678,44.91854961480322,42.21167671358249,39.73584182056307,0.15501412749290466,0.1764703094959259,0.32435277104377747,,,,,,
case3,mid02,mid,512,512,768,768,0.45125919580459595,1.0216522216796875,4.85059118270874,-4.0445098876953125,-0.0999709941983392,45.414702936307364,39.69490167485291,31.507241649467627,0.10596602410078049,0.1489858776330948,0.4876059889793396,,,,,,
case3,mid03,mid,3328,1792,3584,2048,0.5080677270889282,1.4064890146255493,3.7870941162109375,-2.5282033681869507,0.05202422355990981,42.72933470411098,40.317057472696945,32.8943384999022,0.056499630212783813,0.08662799745798111,0.3734280467033386,,,,,,
case3,mid04,mid,256,2048,512,2304,0.7297829389572144,1.995635986328125,4.283116817474365,-2.4068450927734375,0.21762009958919157,39.53745302040455,37.893648787906415,31.725022166318205,0.09910175204277039,0.1099192351102829,0.21650031208992004,,,,,,
case3,high01,high,768,1792,1024,2048,1.0761947631835938,2.484156370162964,5.71343994140625,-3.112243413925171,0.3088637993730197,35.20202828733958,34.01793869697468,27.739019860186225,0.09393899887800217,0.09832003712654114,0.21948429942131042,,,,,,
case3,high02,high,512,2304,768,2560,1.8878743648529053,4.726806640625,7.962310791015625,-3.5368757247924805,0.26938866023456637,31.793969211602334,31.334802845678823,26.902392621599237,0.31399989128112793,0.28195667266845703,0.37252089381217957,,,,,,
case3,high03,high,2048,2304,2304,2560,2.0395278930664062,3.9891765117645264,7.3002166748046875,-3.0712430477142334,0.34248755130756836,30.117437406846967,30.215319492183905,25.965502644627712,0.18099990487098694,0.1393538862466812,0.18364964425563812,,,,,,
case3,high04,high,512,2816,768,3072,0.912883996963501,2.515263795852661,5.908533573150635,-3.199549436569214,0.3551586257421557,36.84221882906173,36.065510499726834,29.289625943590856,0.1727464497089386,0.16384486854076385,0.35858476161956787,,,,,,
