case,alpha,method,change_l1_vs_lq,PSNR,SSIM,LPIPS_1024
case1,0.0,blend_0.0,0.0,32.02880115050813,0.9484534925060527,0.07879389822483063
case1,0.1,blend_0.1,0.24507413804531097,32.149078234233066,0.949136847459302,0.07572630792856216
case1,0.2,blend_0.2,0.6653869152069092,32.16072499023038,0.9460051177968521,0.07146964967250824
case1,0.3,blend_0.3,1.099923849105835,32.058413171118254,0.9400335453736256,0.06593790650367737
case1,0.4,blend_0.4,1.400564193725586,31.858216385636744,0.9327527865672643,0.06144231557846069
case1,0.5,blend_0.5,1.8305140733718872,31.557763947757213,0.9217200243040291,0.05875401198863983
case1,0.6,blend_0.6,2.259463310241699,31.192059029083698,0.9098763795377619,0.058358289301395416
case1,0.7,blend_0.7,2.560701847076416,30.775752572606958,0.8971429744070258,0.059627968817949295
case1,0.8,blend_0.8,2.994640350341797,30.306973396063658,0.8800603981412487,0.06241469085216522
case1,0.9,blend_0.9,3.413174629211426,29.802401436519542,0.8589795188208941,0.06671375036239624
case1,1.0,blend_1.0,3.660027503967285,29.335322996113593,0.8466338742572804,0.07111237198114395
case1,,H50,1.3529225587844849,32.143319382517326,0.945299621023851,0.06465932726860046
case2,0.0,blend_0.0,0.0,28.189381483210912,0.8314434530123741,0.10302705317735672
case2,0.1,blend_0.1,0.7758846282958984,28.84860382635056,0.8374742291646831,0.08602085709571838
case2,0.2,blend_0.2,1.670068383216858,29.254963700912064,0.8370639292934654,0.07528873533010483
case2,0.3,blend_0.3,2.583470582962036,29.320232117848143,0.8318008693338504,0.0705375000834465
case2,0.4,blend_0.4,3.3960747718811035,29.034824805806334,0.823611958485008,0.07018089294433594
case2,0.5,blend_0.5,4.309865474700928,28.453015691684445,0.8117204457564388,0.07330474257469177
case2,0.6,blend_0.6,5.223456382751465,27.68568739091964,0.7984854151605058,0.07846049964427948
case2,0.7,blend_0.7,6.036005020141602,26.825115144325018,0.7839330829620703,0.0850779265165329
case2,0.8,blend_0.8,6.949462890625,25.93201569226625,0.7663789988367498,0.0924902856349945
case2,0.9,blend_0.9,7.84196138381958,25.05138042982655,0.7469135702717731,0.1002601608633995
case2,1.0,blend_1.0,8.61953067779541,24.213957929319086,0.7310454053753274,0.10883545130491257
case2,,H50,3.0991265773773193,28.976277513743995,0.825431602031394,0.07946156710386276
case3,0.0,blend_0.0,0.0,35.62208169890386,0.9349582905866827,0.05836664140224457
case3,0.1,blend_0.1,0.4069506525993347,35.7887011310099,0.9345680272791906,0.05466998368501663
case3,0.2,blend_0.2,0.9501364827156067,35.555202665197754,0.9294103458757519,0.05867116153240204
case3,0.3,blend_0.3,1.5085508823394775,34.97169198518546,0.920490585987635,0.06900541484355927
case3,0.4,blend_0.4,1.9581925868988037,34.17579281896862,0.9094712061046476,0.08185893297195435
case3,0.5,blend_0.5,2.51365327835083,33.251277203407945,0.895317114666892,0.09638608992099762
case3,0.6,blend_0.6,3.0694644451141357,32.3087258916709,0.8806334265504865,0.11103248596191406
case3,0.7,blend_0.7,3.5191497802734375,31.38604353640111,0.865079068856374,0.12606443464756012
case3,0.8,blend_0.8,4.077520847320557,30.4881087845183,0.8470275424961388,0.14107391238212585
case3,0.9,blend_0.9,4.623788833618164,29.630397560127385,0.8269195876518026,0.15603747963905334
case3,1.0,blend_1.0,5.027657508850098,28.865398205920037,0.8120966176183972,0.16997377574443817
case3,,H50,1.7313002347946167,34.68871254049464,0.9204121592601275,0.07422302663326263
case4,0.0,blend_0.0,0.0,18.056199318367533,0.30932260715082277,0.6543421149253845
case4,0.1,blend_0.1,1.3166800737380981,18.064588779035894,0.30906712896271765,0.597279965877533
case4,0.2,blend_0.2,2.6969804763793945,18.023512756055023,0.30576318188227813,0.534797728061676
case4,0.3,blend_0.3,4.0797576904296875,17.936718805859904,0.30099630203040734,0.48728621006011963
case4,0.4,blend_0.4,5.416163921356201,17.805910561737306,0.29554643001431063,0.4524082541465759
case4,0.5,blend_0.5,6.797234535217285,17.634900103887194,0.28960212505476135,0.4272269010543823
case4,0.6,blend_0.6,8.17833137512207,17.42888867477541,0.2836828232107225,0.40973588824272156
case4,0.7,blend_0.7,9.515028953552246,17.192435951032333,0.27742894862980555,0.39750564098358154
case4,0.8,blend_0.8,10.897515296936035,16.930901931043753,0.27093033275325756,0.38841021060943604
case4,0.9,blend_0.9,12.282950401306152,16.6500061024762,0.2641468810123703,0.3817463517189026
case4,1.0,blend_1.0,13.594494819641113,16.352438762978853,0.2576045334391771,0.3768332004547119
case4,,H50,2.9848690032958984,18.084599414285577,0.3103796623029394,0.5434802174568176
case5,0.0,blend_0.0,0.0,26.275636569082227,0.8643162517605201,0.12704414129257202
case5,0.1,blend_0.1,0.7847270369529724,26.841139390976213,0.8727821263997754,0.10740580409765244
case5,0.2,blend_0.2,1.684972882270813,27.25126401433222,0.8767836403698922,0.08579723536968231
case5,0.3,blend_0.3,2.5967822074890137,27.447375613605733,0.8761581392383438,0.06786099076271057
case5,0.4,blend_0.4,3.4181039333343506,27.40106041240455,0.8719265010036849,0.05541401728987694
case5,0.5,blend_0.5,4.328895568847656,27.116374788660423,0.8632453920685057,0.04829549789428711
case5,0.6,blend_0.6,5.239744186401367,26.640599367421967,0.8522295303845463,0.04642052575945854
case5,0.7,blend_0.7,6.06076192855835,26.029518853618686,0.8382059243971653,0.04882234334945679
case5,0.8,blend_0.8,6.972874641418457,25.33561848504718,0.8199249285988571,0.05446910113096237
case5,0.9,blend_0.9,7.87537145614624,24.604892796273276,0.7976286907277111,0.062312304973602295
case5,1.0,blend_1.0,8.65784740447998,23.875815580161888,0.7772490204069505,0.0715784952044487
case5,,H50,4.315542697906494,27.394757848489224,0.8831531384020046,0.04837080463767052
