case,x0,y0,x1,y1,width,height,lq_gt_l1,lq_gt_mse,lq_gt_psnr,lq_gt_ssim,lq_gt_gradient_difference,lq_gt_edge_density_difference,h200_gt_l1,h200_gt_mse,h200_gt_psnr,h200_gt_gradient_difference,h50_gt_l1,h50_gt_mse,h50_gt_psnr,h50_gt_gradient_difference,required_change_l1,required_change_gradient,generated_change_200_l1,generated_change_50_l1,generated_change_200_gradient,generated_change_50_gradient,improvement_200_l1,improvement_50_l1,improvement_200_mse,improvement_50_mse,change_alignment_200,change_alignment_50,local_variance,gradient_magnitude,edge_density,laplacian_magnitude,local_contrast,local_entropy,blur_proxy,primary_type,type_e_conservative,type_f_potential_ideal
case4,3456,0,3712,256,256,256,42.32622146606445,2621.969482421875,13.944527519058509,0.10745060744412933,18.312213897705078,0.6961822509765625,44.14389419555664,3005.084228515625,13.352236991655033,16.589763641357422,42.17828369140625,2604.740234375,13.973159441041709,18.150875091552734,42.32622146606445,18.312213897705078,16.035507202148438,3.74310302734375,5.228085041046143,1.291661024093628,-1.8176727294921875,0.14793777465820312,-383.11474609375,17.229248046875,0.060011306730003475,0.08346248214262249,963.845947265625,2.415832996368408,0.001220703125,2.8960165977478027,0.2726385295391083,3.947176413908077,1.1987648010253906,Other,True,False
case4,0,0,256,256,256,256,29.655542373657227,1344.2550048828125,16.845987365604113,0.1893223493809378,12.187009811401367,0.5020294189453125,29.71808433532715,1381.0953369140625,16.72856693939883,11.158454895019531,29.494714736938477,1328.2208251953125,16.898100772647354,12.047202110290527,29.655542373657227,12.187009811401367,6.276143550872803,2.254150390625,1.9618501663208008,0.7447313070297241,-0.06254196166992188,0.16082763671875,-36.84033203125,16.0341796875,0.0696636453043809,0.11275379501260345,477.4500427246094,1.4858078956604004,0.0015716552734375,1.8825379610061646,0.28484565019607544,3.320522604405095,1.2670122385025024,C_needs_restoration_unchanged,True,False
case4,2688,1792,2944,2048,256,256,29.651763916015625,1444.0400390625,16.535011226754385,0.2660594114688882,10.332174301147461,0.4073638916015625,29.340158462524414,1501.7152099609375,16.364928049102783,9.888031959533691,29.33502769470215,1423.119140625,16.59839080837148,10.259029388427734,29.651763916015625,10.332174301147461,7.396158695220947,2.6729583740234375,2.257181167602539,0.9901448488235474,0.31160545349121094,0.31673622131347656,-57.6751708984375,20.9208984375,0.08383539266568052,0.12288652697246115,1045.3857421875,2.1524477005004883,0.00421142578125,2.5478720664978027,0.44865837693214417,3.981589678406047,1.183708667755127,C_needs_restoration_unchanged,True,False
case4,2688,1920,2944,2176,256,256,30.685373306274414,1503.8372802734375,16.35879546357178,0.2563377851035829,10.266105651855469,0.3966064453125,29.84320068359375,1569.7406005859375,16.17252438673438,9.933537483215332,30.306396484375,1481.7611083984375,16.423021542382756,10.209278106689453,30.685373306274414,10.266105651855469,8.498148918151855,2.7712504863739014,2.521015167236328,1.0068531036376953,0.8421726226806641,0.37897682189941406,-65.9033203125,22.076171875,0.1069950124224762,0.12285360043951464,978.0300903320312,2.0719969272613525,0.0048980712890625,2.4763996601104736,0.47213125228881836,3.8856354884085755,1.1951748132705688,C_needs_restoration_unchanged,True,False
case4,3456,2048,3712,2304,256,256,28.960693359375,1373.8270263671875,16.751482762210408,0.23031847025341431,11.419511795043945,0.46453857421875,29.050537109375,1414.3323974609375,16.625288649488866,10.688838958740234,28.76155662536621,1358.3795166015625,16.80059243275645,11.308165550231934,28.960693359375,11.419511795043945,6.8961181640625,2.4396259784698486,1.8413872718811035,0.8316735625267029,-0.08984375,0.19913673400878906,-40.50537109375,15.447509765625,0.08292515944923805,0.10701324447922815,1062.16259765625,1.812530279159546,0.00042724609375,2.19537353515625,0.40888768434524536,3.898211149322483,1.2112196683883667,C_needs_restoration_unchanged,True,False
case4,2688,1664,2944,1920,256,256,27.5631046295166,1308.6380615234375,16.962608217779064,0.2680865384027313,10.234392166137695,0.3938140869140625,27.278940200805664,1326.4176025390625,16.90400097538368,9.573719024658203,27.293365478515625,1290.5343017578125,17.02310784540957,10.122190475463867,27.5631046295166,10.234392166137695,5.530481815338135,2.322474241256714,1.8241393566131592,0.8830030560493469,0.2841644287109375,0.26973915100097656,-17.779541015625,18.103759765625,0.08515218697672294,0.12177830071752284,923.0240478515625,1.9230941534042358,0.0068817138671875,2.4375410079956055,0.4498731195926666,3.8137497740307134,1.2675093412399292,C_needs_restoration_unchanged,True,False
case4,3712,896,3968,1152,256,256,33.76742172241211,1735.4451904296875,15.736694650816567,0.16518096492867593,13.707228660583496,0.5596923828125,35.4659538269043,1996.2969970703125,15.128551896824536,12.606029510498047,33.747314453125,1730.7431640625,15.748477410244634,13.562766075134277,33.76742172241211,13.707228660583496,11.906102180480957,2.5367889404296875,5.243590354919434,0.8966078758239746,-1.6985321044921875,0.020107269287109375,-260.851806640625,4.7020263671875,0.03718288068413561,0.057454312904663296,788.3259887695312,1.619243860244751,1.52587890625e-05,1.9619650840759277,0.27548015117645264,3.7723975463810646,1.2116544246673584,Other,True,False
case4,3712,768,3968,1024,256,256,34.66670227050781,1820.4337158203125,15.529054868539225,0.17049118271161434,13.742128372192383,0.541717529296875,36.19900131225586,2169.038818359375,14.768130313097343,13.017949104309082,34.448486328125,1802.736328125,15.571481355892978,13.567980766296387,34.66670227050781,13.742128372192383,13.18299388885498,2.786921262741089,5.889625549316406,0.9726553559303284,-1.5322990417480469,0.2182159423828125,-348.6051025390625,17.6973876953125,0.05377455226064342,0.09886322274391288,1191.1376953125,1.629892349243164,1.52587890625e-05,1.9894206523895264,0.3719097375869751,4.055723882056001,1.2205833196640015,Other,True,False
case4,3456,2176,3712,2432,256,256,29.5219783782959,1415.3226318359375,16.62224917323962,0.21719670206676933,11.281644821166992,0.4625701904296875,29.85652732849121,1505.1253662109375,16.355076887330085,10.559674263000488,29.2811336517334,1403.8309326171875,16.657655611215965,11.150444030761719,29.5219783782959,11.281644821166992,8.175593376159668,2.6858112812042236,2.07893967628479,0.8710761070251465,-0.3345489501953125,0.2408447265625,-89.802734375,11.49169921875,0.058763386336297754,0.09092092565587703,1105.4578857421875,1.797013759613037,0.0014495849609375,2.2171225547790527,0.42309054732322693,3.892815089707412,1.2337809801101685,C_needs_restoration_unchanged,True,False
case4,2816,1664,3072,1920,256,256,27.811248779296875,1286.3175048828125,17.037321913863174,0.24827527096198895,10.963066101074219,0.429290771484375,27.515966415405273,1314.4298095703125,16.94342942605515,10.080056190490723,27.439111709594727,1265.7271728515625,17.107402344691657,10.778804779052734,27.811248779296875,10.963066101074219,6.535680294036865,2.545048952102661,2.0666985511779785,0.8662149310112,0.29528236389160156,0.37213706970214844,-28.1123046875,20.59033203125,0.09645551549090514,0.13025280127232558,712.03759765625,1.8316824436187744,0.0021820068359375,2.3105571269989014,0.38092583417892456,3.7216979328392985,1.2614390850067139,C_needs_restoration_unchanged,True,False
case4,2688,2048,2944,2304,256,256,31.305944442749023,1571.4898681640625,16.167687544391423,0.2144053307278888,11.608888626098633,0.4616546630859375,31.59084129333496,1750.5367431640625,15.699091501692042,11.098997116088867,31.0703125,1557.6019287109375,16.20623907278209,11.475240707397461,31.305944442749023,11.608888626098633,10.483485221862793,2.997136354446411,3.6606528759002686,1.0773704051971436,-0.2848968505859375,0.23563194274902344,-179.046875,13.887939453125,0.0783493391941349,0.09497509575995178,1129.080322265625,2.0273637771606445,0.0051116943359375,2.4256186485290527,0.45376846194267273,3.9865808112577596,1.1964391469955444,Other,True,False
case4,128,0,384,256,256,256,26.862112045288086,1132.26416015625,17.5913256895447,0.22484696723935027,11.232723236083984,0.4680328369140625,26.88762855529785,1170.0233154296875,17.448858352704445,10.281492233276367,26.713048934936523,1122.6046142578125,17.628535359260752,11.086339950561523,26.862112045288086,11.232723236083984,6.158960819244385,2.139104127883911,1.7938647270202637,0.7129993438720703,-0.025516510009765625,0.1490631103515625,-37.7591552734375,9.6595458984375,0.07103678634896908,0.09250804058249668,342.1507873535156,1.4283065795898438,0.0003509521484375,1.7648520469665527,0.2704416811466217,3.054606111392346,1.2356246709823608,Other,True,False
case4,2560,1920,2816,2176,256,256,31.555191040039062,1545.3642578125,16.240494646112943,0.19731292370693146,11.709403991699219,0.47998046875,32.0804557800293,1722.4918212890625,15.769231744404745,11.36405086517334,31.273202896118164,1520.8302001953125,16.309996124994505,11.57851791381836,31.555191040039062,11.709403991699219,10.890782356262207,2.982701539993286,4.5672526359558105,1.084936261177063,-0.5252647399902344,0.28198814392089844,-177.1275634765625,24.5340576171875,0.09260616767826227,0.12721722873308375,750.4990234375,1.978804111480713,0.0029144287109375,2.4451091289520264,0.368651807308197,3.7090014926791985,1.2356493473052979,Other,True,False
case4,2816,1792,3072,2048,256,256,28.37835693359375,1355.00732421875,16.811387051183104,0.27718833244378865,10.342084884643555,0.396209716796875,28.178903579711914,1426.6051025390625,16.58776550677942,9.897420883178711,28.083852767944336,1339.398681640625,16.861704838449146,10.231725692749023,28.37835693359375,10.342084884643555,7.747914791107178,2.7479350566864014,2.4586870670318604,0.9653816223144531,0.19945335388183594,0.29450416564941406,-71.5977783203125,15.608642578125,0.08739141173617253,0.10733301556412124,1108.44873046875,1.9508020877838135,0.00335693359375,2.3850202560424805,0.46038877964019775,4.011563157061679,1.2225838899612427,C_needs_restoration_unchanged,True,False
case4,2560,896,2816,1152,256,256,33.92013931274414,1766.8154296875,15.658891637969736,0.22185912643444097,10.883993148803711,0.409637451171875,35.116912841796875,2123.257080078125,14.860777757765026,10.636418342590332,33.964847564697266,1782.5611572265625,15.620359208016472,10.888114929199219,33.92013931274414,10.883993148803711,13.370631217956543,3.74908447265625,4.938604354858398,1.3057270050048828,-1.1967735290527344,-0.044708251953125,-356.441650390625,-15.7457275390625,0.017258742536798658,0.02775827777696644,1075.8890380859375,2.3730404376983643,0.00616455078125,3.07305908203125,0.420322984457016,3.980251370020874,1.2949875593185425,Other,False,False
case4,2944,1792,3200,2048,256,256,29.087005615234375,1366.9669189453125,16.773223433164976,0.25649526960021374,10.422040939331055,0.3938140869140625,28.578567504882812,1432.7001953125,16.56925045398529,9.809276580810547,28.663528442382812,1343.9459228515625,16.846985585448444,10.294087409973145,29.087005615234375,10.422040939331055,8.648137092590332,2.974492311477661,2.6711277961730957,1.0139527320861816,0.5084381103515625,0.4234771728515625,-65.7332763671875,23.02099609375,0.11461558987373743,0.13071243602314178,778.5503540039062,1.9789947271347046,0.00067138671875,2.4701437950134277,0.4255068302154541,3.703198780728981,1.2481805086135864,C_needs_restoration_unchanged,True,False
case4,3456,128,3712,384,256,256,40.51311111450195,2488.9853515625,14.170580148822989,0.1522150550649607,16.117576599121094,0.6033477783203125,43.64255905151367,3128.293701171875,13.177728900736412,15.757844924926758,40.19956970214844,2463.045166015625,14.216079662605123,15.924057960510254,40.51311111450195,16.117576599121094,20.087270736694336,4.68579626083374,7.757091045379639,1.6910176277160645,-3.1294479370117188,0.3135414123535156,-639.308349609375,25.940185546875,0.07968867272049476,0.10704972490226984,1624.3564453125,2.800333261489868,0.01263427734375,3.5457358360290527,0.3585371673107147,4.341393388263525,1.2661831378936768,D_direction_mismatch_or_harmful,True,False
case4,2816,2176,3072,2432,256,256,32.599700927734375,1716.2786865234375,15.784925696208386,0.20713719145792384,12.420356750488281,0.4987030029296875,34.273441314697266,2042.9124755859375,15.028305927284109,12.022388458251953,32.60928726196289,1721.9989013671875,15.770474792844695,12.268577575683594,32.599700927734375,12.420356750488281,12.176478385925293,3.1674041748046875,5.366503715515137,1.0770554542541504,-1.6737403869628906,-0.009586334228515625,-326.6337890625,-5.72021484375,0.02076158535612147,0.039017677190956696,1420.062744140625,1.8568252325057983,0.001129150390625,2.1896772384643555,0.4250635802745819,4.188748203901937,1.179258108139038,Other,False,False
case4,3456,1920,3712,2176,256,256,26.331710815429688,1163.3870849609375,17.47356128282141,0.26593283071322166,10.542682647705078,0.4275360107421875,26.50545310974121,1195.233154296875,17.356277257387635,9.928425788879395,26.280298233032227,1151.3961181640625,17.518555749936326,10.493078231811523,26.331710815429688,10.542682647705078,6.198023319244385,2.6165874004364014,1.826667308807373,0.8840635418891907,-0.17374229431152344,0.05141258239746094,-31.8460693359375,11.990966796875,0.08481740510799471,0.10236924188438364,1099.4434814453125,2.0096828937530518,0.0066680908203125,2.5694377422332764,0.4153202474117279,3.9109420898722127,1.2785283327102661,Other,True,False
case4,2944,2176,3200,2432,256,256,31.3560848236084,1606.1488037109375,16.072945919204415,0.22328627694092343,11.818727493286133,0.4563140869140625,32.78932571411133,1918.7161865234375,15.300695939073837,11.497332572937012,31.345937728881836,1614.40185546875,16.050686991475786,11.675161361694336,31.3560848236084,11.818727493286133,11.343165397644043,2.909764528274536,5.395188808441162,1.0032190084457397,-1.4332408905029297,0.0101470947265625,-312.5673828125,-8.2530517578125,0.008828835259095875,0.029181025696795523,1393.376220703125,1.6526893377304077,0.0008392333984375,2.0136210918426514,0.46519139409065247,4.122647009265035,1.218389868736267,Other,True,False
case4,2944,1664,3200,1920,256,256,26.235265731811523,1136.0946044921875,17.576659043921886,0.2692584406255054,9.989206314086914,0.393280029296875,25.85323143005371,1173.530029296875,17.43586164983754,9.153642654418945,25.812545776367188,1117.03564453125,17.650133430663708,9.809514999389648,26.235265731811523,9.989206314086914,6.4996185302734375,2.525146484375,2.0257463455200195,0.8360514640808105,0.3820343017578125,0.42271995544433594,-37.4354248046875,19.0589599609375,0.08659034521237631,0.1324050518190097,605.7115478515625,1.739571213722229,0.0006103515625,2.133270263671875,0.3945521414279938,3.603040809753816,1.2263189554214478,Other,True,False
case4,3840,768,4096,1024,256,256,33.82248306274414,1736.9151611328125,15.73301740838897,0.16724290432147507,13.281131744384766,0.5378875732421875,36.243404388427734,2131.529296875,14.843890308336041,12.660573959350586,33.731842041015625,1734.70654296875,15.738543468518673,13.149154663085938,33.82248306274414,13.281131744384766,14.23296070098877,3.180119752883911,5.218701362609863,1.0967949628829956,-2.4209213256835938,0.09064102172851562,-394.6141357421875,2.2086181640625,0.026639969913486633,0.06004219791995271,950.7073974609375,1.9277887344360352,0.0019378662109375,2.518035888671875,0.32089728116989136,3.894992537630594,1.3061777353286743,Other,True,False
case4,3584,0,3840,256,256,256,38.12746047973633,2208.209228515625,14.690401443243715,0.16481511714101127,15.129264831542969,0.5815582275390625,41.64044189453125,2778.090576171875,13.693339675578443,15.411247253417969,37.937042236328125,2188.617431640625,14.729104908023222,14.981801986694336,38.12746047973633,15.129264831542969,18.604217529296875,3.9482014179229736,7.830724239349365,1.4455710649490356,-3.512981414794922,0.19041824340820312,-569.88134765625,19.591796875,0.0707899717506901,0.09664739706109828,1391.2529296875,2.510079860687256,0.003021240234375,2.94842529296875,0.3336349129676819,4.178838789748964,1.1746336221694946,D_direction_mismatch_or_harmful,True,False
case4,2816,2048,3072,2304,256,256,32.51970291137695,1667.9796142578125,15.908896144556785,0.2437354724797113,11.150983810424805,0.44598388671875,33.55683898925781,2002.5054931640625,15.115066282307282,11.353188514709473,32.41189956665039,1673.0440673828125,15.895729528669204,11.0692138671875,32.51970291137695,11.150983810424805,13.095393180847168,3.5186309814453125,5.679389476776123,1.2525134086608887,-1.0371360778808594,0.1078033447265625,-334.52587890625,-5.064453125,0.04758218902856827,0.04921044409336335,1436.8448486328125,2.209606647491455,0.0040130615234375,2.599579095840454,0.4390585720539093,4.236767862165875,1.176488995552063,Other,True,False
case4,0,128,256,384,256,256,24.739171981811523,991.698974609375,18.167005211850114,0.27765128541253276,9.669546127319336,0.3841705322265625,24.632293701171875,1001.655517578125,18.12361973206797,8.799064636230469,24.566579818725586,977.9086303710938,18.22782095481363,9.52524471282959,24.739171981811523,9.669546127319336,5.3717498779296875,1.9112497568130493,1.708746314048767,0.6524953842163086,0.10687828063964844,0.1725921630859375,-9.95654296875,13.79034423828125,0.10421096884477457,0.1254338785928373,350.6783447265625,1.229488730430603,0.0,1.5879517793655396,0.2612118124961853,3.1685095385545217,1.2915536165237427,Other,True,False
case4,2688,896,2944,1152,256,256,32.283206939697266,1667.33154296875,15.91058374661583,0.21944285684816947,11.52568244934082,0.4469146728515625,34.34821701049805,1981.8101806640625,15.160183102517436,11.071517944335938,32.4093132019043,1677.9825439453125,15.882929196849675,11.498476028442383,32.283206939697266,11.52568244934082,12.950739860534668,3.608952760696411,5.3830413818359375,1.227805495262146,-2.0650100708007812,-0.12610626220703125,-314.4786376953125,-10.6510009765625,0.022577223383126246,0.035046893991328286,1176.9151611328125,2.3087615966796875,0.0054779052734375,2.8759260177612305,0.3673614263534546,4.031983855861781,1.2456568479537964,Other,False,False
case4,3072,1664,3328,1920,256,256,24.446813583374023,1026.6390380859375,18.016625886753786,0.3053850494927936,9.17054557800293,0.36083984375,24.07977294921875,1043.2950439453125,17.946731869058226,8.510775566101074,24.11273193359375,1011.8351440429688,18.07970623025768,9.038775444030762,24.446813583374023,9.17054557800293,5.18999719619751,2.082270383834839,1.649461269378662,0.7419776916503906,0.36704063415527344,0.33408164978027344,-16.656005859375,14.80389404296875,0.08270271777262526,0.12544698798863047,559.7193603515625,1.544113278388977,0.00091552734375,1.9033712148666382,0.4186534583568573,3.4546238968653222,1.2326622009277344,Other,True,False
case4,256,0,512,256,256,256,25.37567138671875,1110.1002197265625,17.677181523543886,0.27308019654549176,10.210548400878906,0.415191650390625,25.674392700195312,1174.0758056640625,17.433842128807452,9.378252029418945,25.255075454711914,1104.32470703125,17.69983560130883,10.075071334838867,25.37567138671875,10.210548400878906,6.2647247314453125,2.2409160137176514,1.7611141204833984,0.7213291525840759,-0.2987213134765625,0.12059593200683594,-63.9755859375,5.7755126953125,0.03886653056959859,0.07542562767185036,540.7005615234375,1.43302321434021,0.0005035400390625,1.8057658672332764,0.3633207082748413,3.148196696120903,1.260108470916748,Other,True,False
case4,3584,1920,3840,2176,256,256,27.4625244140625,1233.1800537109375,17.22053847834581,0.2561581411447127,10.505157470703125,0.421173095703125,27.733285903930664,1313.106201171875,16.947804883787306,9.871211051940918,27.23299217224121,1212.32080078125,17.294628113837124,10.400690078735352,27.4625244140625,10.505157470703125,8.39692211151123,2.6629230976104736,3.000304698944092,0.9175164699554443,-0.27076148986816406,0.22953224182128906,-79.9261474609375,20.8592529296875,0.09561674502344958,0.13225278084239403,868.6295166015625,1.8071248531341553,0.00360107421875,2.2880351543426514,0.39488986134529114,3.741376478738713,1.2661184072494507,Other,True,False
case4,3840,896,4096,1152,256,256,30.9224853515625,1508.5546875,16.345192934221252,0.18510329965012018,12.834432601928711,0.53179931640625,33.18050003051758,1779.7490234375,15.627215777012522,11.87108325958252,30.915536880493164,1507.0997314453125,16.34938371349788,12.698038101196289,30.9224853515625,12.834432601928711,12.12901782989502,2.6884663105010986,4.497411251068115,0.9383541345596313,-2.258014678955078,0.0069484710693359375,-271.1943359375,1.4549560546875,0.029346076100410512,0.053142741504409174,695.7438354492188,1.6919493675231934,0.0014495849609375,2.1016948223114014,0.2626638114452362,3.703295667320801,1.2421728372573853,Other,True,False
case4,512,2176,768,2432,256,256,31.849390029907227,1530.24365234375,16.28319772761286,0.20754242028630468,11.221837997436523,0.435760498046875,33.136478424072266,1865.4361572265625,15.42299940947711,11.530714988708496,31.708364486694336,1520.3702392578125,16.311310068353748,11.08854866027832,31.849390029907227,11.221837997436523,13.23717212677002,3.053410768508911,6.332456588745117,1.1249771118164062,-1.287088394165039,0.14102554321289062,-335.1925048828125,9.8734130859375,0.05624761566151944,0.08463544715268458,545.4334106445312,1.9326422214508057,0.0016021728515625,2.37603759765625,0.3120368421077728,3.554431166582758,1.2294238805770874,Other,True,False
case4,3328,0,3584,256,256,256,39.1529541015625,2374.3837890625,14.375294721439655,0.12481999447966613,17.788837432861328,0.680938720703125,43.66379928588867,3146.237548828125,13.152888369780133,16.677448272705078,38.92295837402344,2361.984375,14.398033545539977,17.481971740722656,39.1529541015625,17.788837432861328,20.644033432006836,4.39647912979126,10.118769645690918,1.5801644325256348,-4.510845184326172,0.2299957275390625,-771.853759765625,12.3994140625,0.04233051513706379,0.08568032335393773,1063.7530517578125,2.35294246673584,0.0049591064453125,2.8301496505737305,0.2746395766735077,3.992111501775289,1.2028124332427979,D_direction_mismatch_or_harmful,True,False
case4,3584,2048,3840,2304,256,256,28.64579200744629,1378.4559326171875,16.73687483629698,0.25872350213649886,11.138126373291016,0.4461669921875,29.2335147857666,1513.38671875,16.331304381426865,10.934113502502441,28.36760902404785,1356.0909423828125,16.80791547264688,11.05665397644043,28.64579200744629,11.138126373291016,10.241206169128418,3.125696897506714,3.3655762672424316,1.0599453449249268,-0.5877227783203125,0.2781829833984375,-134.9307861328125,22.364990234375,0.10928569007625111,0.1274841749836751,1376.013671875,2.1265475749969482,0.00152587890625,2.6244609355926514,0.4493778944015503,4.079946708398458,1.2341411113739014,Other,True,False
case4,3328,2048,3584,2304,256,256,27.274694442749023,1199.8968505859375,17.33936441919792,0.23433579190398754,10.429693222045898,0.4144134521484375,28.157384872436523,1340.1378173828125,16.85930886598538,10.335827827453613,27.018417358398438,1183.474609375,17.399214253214687,10.260509490966797,27.274694442749023,10.429693222045898,8.925994873046875,2.4247334003448486,3.622999668121338,0.8599143624305725,-0.8826904296875,0.25627708435058594,-140.240966796875,16.4222412109375,0.07222940688714473,0.11887012718304808,599.639892578125,1.5152792930603027,0.0001220703125,1.8008830547332764,0.3467952013015747,3.611134988347276,1.1884818077087402,Other,True,False
case4,2816,2304,3072,2560,256,256,27.860910415649414,1291.608154296875,17.01949572425783,0.23521488318287553,11.309783935546875,0.4285736083984375,28.29776954650879,1475.2603759765625,16.442116500735548,10.491443634033203,27.5679874420166,1280.4207763671875,17.05727625961171,11.173263549804688,27.860910415649414,11.309783935546875,9.51874828338623,2.5122528076171875,3.3566055297851562,0.828082263469696,-0.436859130859375,0.2929229736328125,-183.6522216796875,11.1873779296875,0.042255737862169386,0.09333316227268354,765.6123657226562,1.4365288019180298,0.0001068115234375,1.751343011856079,0.43837130069732666,3.6350478508157407,1.2191483974456787,C_needs_restoration_unchanged,True,False
case4,2816,1920,3072,2176,256,256,28.224557876586914,1305.7239990234375,16.97228957492921,0.3186582709523384,8.902902603149414,0.3417205810546875,27.954172134399414,1462.4635009765625,16.47995309657189,9.020867347717285,27.925369262695312,1299.015625,16.99465974019029,8.884332656860352,28.224557876586914,8.902902603149414,9.96832275390625,3.179224729537964,3.295529365539551,1.1434237957000732,0.2703857421875,0.29918861389160156,-156.739501953125,6.7083740234375,0.08241494582406668,0.08441713058901934,1215.7879638671875,2.1567888259887695,0.0047760009765625,2.6572468280792236,0.5151600241661072,4.040327038710105,1.232037901878357,Other,True,False
case4,3712,384,3968,640,256,256,37.118892669677734,2144.208251953125,14.818133947221417,0.14997408455029124,16.215320587158203,0.61383056640625,41.50823974609375,2826.561767578125,13.618218211334426,15.135364532470703,37.10780715942383,2151.325439453125,14.803742357565522,15.98595905303955,37.118892669677734,16.215320587158203,18.896936416625977,3.573125123977661,9.793071746826172,1.3583077192306519,-4.389347076416016,0.01108551025390625,-682.353515625,-7.1171875,0.018036332002368784,0.03934590518871871,885.9528198242188,2.1106667518615723,0.0058441162109375,2.5021159648895264,0.2633238732814789,3.819828388996218,1.1854617595672607,D_direction_mismatch_or_harmful,True,False
case4,3072,1792,3328,2048,256,256,25.4503116607666,1124.8963623046875,17.619678426206015,0.29373935899512266,9.507525444030762,0.356842041015625,25.23787498474121,1186.1192626953125,17.3895199074464,8.803651809692383,25.069833755493164,1104.4622802734375,17.69929512483963,9.392196655273438,25.4503116607666,9.507525444030762,7.2621612548828125,2.524510622024536,2.3010153770446777,0.8880823254585266,0.21243667602539062,0.3804779052734375,-61.222900390625,20.43408203125,0.08719474832214043,0.13798658737040637,547.33740234375,1.7398855686187744,0.0005035400390625,2.1324868202209473,0.4187150299549103,3.4514864847770537,1.2256470918655396,Other,True,False
case4,3456,1792,3712,2048,256,256,25.038293838500977,1069.8543701171875,17.83755685531024,0.29934139814874783,9.636436462402344,0.387939453125,25.12306785583496,1110.7266845703125,17.674731074701118,9.080894470214844,24.921167373657227,1058.2625732421875,17.884869008678397,9.582695007324219,25.038293838500977,9.636436462402344,6.9273223876953125,2.8523457050323486,2.033299446105957,0.9313976764678955,-0.08477401733398438,0.11712646484375,-40.872314453125,11.591796875,0.09576919987263509,0.10643053736631339,1210.3416748046875,2.06052303314209,0.0072784423828125,2.7396750450134277,0.4360312521457672,4.02351064685671,1.3296011686325073,Other,True,False
case4,128,128,384,384,256,256,23.150476455688477,905.5116577148438,18.561863320750557,0.2980276368018106,9.568918228149414,0.3832855224609375,23.089935302734375,921.5859375,18.48544516853452,8.773521423339844,22.98736572265625,894.998291015625,18.612581597654874,9.444336891174316,23.150476455688477,9.568918228149414,5.24750280380249,1.9404855966567993,1.5727368593215942,0.6579212546348572,0.06054115295410156,0.16311073303222656,-16.07427978515625,10.51336669921875,0.09674574819904208,0.10959441639866241,347.4343566894531,1.2600390911102295,0.0003509521484375,1.6168212890625,0.2789517343044281,3.0147285586337085,1.2831506729125977,Other,True,False
case4,3712,640,3968,896,256,256,30.3054256439209,1432.8831787109375,16.568696120051086,0.2100446204302646,11.818035125732422,0.4668731689453125,31.10101318359375,1689.6826171875,15.852752141677975,11.256807327270508,29.939706802368164,1406.7110595703125,16.648754181429176,11.624359130859375,30.3054256439209,11.818035125732422,12.682286262512207,2.816340208053589,4.939452648162842,0.9754542708396912,-0.7955875396728516,0.3657188415527344,-256.7994384765625,26.172119140625,0.10368673629787557,0.13847088190729023,667.00390625,1.5952563285827637,0.0003509521484375,1.9372459650039673,0.3369816541671753,3.672230759047003,1.2143783569335938,Other,True,False
case4,3328,2176,3584,2432,256,256,28.371322631835938,1276.674560546875,17.070001545691287,0.22940143552413725,10.387654304504395,0.415618896484375,29.6076602935791,1484.1488037109375,16.416029219551117,10.350215911865234,28.091054916381836,1263.8116455078125,17.113979939926512,10.177938461303711,28.371322631835938,10.387654304504395,10.766764640808105,2.644932985305786,4.315344333648682,0.9100208878517151,-1.236337661743164,0.28026771545410156,-207.4742431640625,12.8629150390625,0.054237653653516904,0.10039521735319881,615.9840698242188,1.5071675777435303,0.0001220703125,1.800872802734375,0.3497230112552643,3.6187185143618428,1.1948715448379517,Other,True,False
case4,2560,768,2816,1024,256,256,28.3952579498291,1319.457275390625,16.926850103159484,0.28077598529363457,9.23129653930664,0.339569091796875,28.965551376342773,1574.3729248046875,16.159727414575748,9.17525577545166,28.280099868774414,1326.159423828125,16.904846384147948,9.182819366455078,28.3952579498291,9.23129653930664,10.83704662322998,3.052027463912964,4.143543243408203,1.097690224647522,-0.5702934265136719,0.1151580810546875,-254.9156494140625,-6.7021484375,0.03634745158609499,0.04312015542286801,1052.7235107421875,1.853106141090393,0.005889892578125,2.449066162109375,0.527414083480835,3.67903560784825,1.3215999603271484,Other,True,False
case4,2944,896,3200,1152,256,256,24.667821884155273,1057.1724853515625,17.889344781454568,0.24957984423959448,10.609132766723633,0.431549072265625,25.17644691467285,1137.376953125,17.571759584137222,9.528518676757812,24.60544776916504,1050.1058349609375,17.918472765832,10.496753692626953,24.667821884155273,10.609132766723633,7.238973140716553,2.322382688522339,2.338672399520874,0.8032205104827881,-0.5086250305175781,0.062374114990234375,-80.2044677734375,7.066650390625,0.05526133015912414,0.08359019883013968,771.5562744140625,1.5930771827697754,0.000701904296875,1.9681499004364014,0.33498871326446533,3.715911844003701,1.235438346862793,Other,True,False
case4,3584,896,3840,1152,256,256,32.640384674072266,1653.8480224609375,15.945847906157304,0.18875760024697105,12.730426788330078,0.523590087890625,35.04188537597656,2079.907470703125,14.95036332222191,12.756631851196289,32.617488861083984,1648.1551513671875,15.960822753712735,12.582945823669434,32.640384674072266,12.730426788330078,15.225738525390625,3.0118305683135986,8.337721824645996,1.1440304517745972,-2.401500701904297,0.02289581298828125,-426.0594482421875,5.69287109375,0.05553505912316251,0.06811483581466266,1197.945068359375,1.9278111457824707,0.001922607421875,2.26715087890625,0.34313783049583435,4.031018693815719,1.1760227680206299,Other,True,False
case4,1024,0,1280,256,256,256,28.111780166625977,1196.7301025390625,17.350841546902686,0.18906795238153187,11.663963317871094,0.484527587890625,29.394638061523438,1418.9906005859375,16.611008561840347,10.79252815246582,27.93782615661621,1188.892578125,17.379377412507807,11.508906364440918,28.111780166625977,11.663963317871094,10.70917797088623,2.745366334915161,3.418242931365967,0.8935391902923584,-1.282857894897461,0.17395401000976562,-222.260498046875,7.8375244140625,0.03486562173892161,0.08517217437719767,431.0439453125,1.486403465270996,0.0,1.8462626934051514,0.30514514446258545,3.310976929263672,1.2420998811721802,Other,True,False
case4,3328,1920,3584,2176,256,256,23.720245361328125,942.6227416992188,18.38742442850295,0.28895497394281283,9.07497501373291,0.3587646484375,23.63065528869629,969.1139526367188,18.267055464898213,8.448318481445312,23.526113510131836,932.146484375,18.435962138700187,8.984216690063477,23.720245361328125,9.07497501373291,6.36285400390625,2.4101459980010986,1.9112344980239868,0.8121039271354675,0.08959007263183594,0.19413185119628906,-26.4912109375,10.47625732421875,0.09696817355874927,0.10580403512785283,927.0150146484375,1.7229390144348145,0.0034027099609375,2.074005126953125,0.4317924380302429,3.865820163636966,1.2037593126296997,Other,True,False
case4,2560,2048,2816,2304,256,256,30.640213012695312,1522.7296142578125,16.30457556675306,0.20933958075107292,11.754169464111328,0.465301513671875,32.77304458618164,1979.3004150390625,15.16568630631248,12.352216720581055,30.54062843322754,1519.099609375,16.314940739079805,11.602907180786133,30.640213012695312,11.754169464111328,13.30610179901123,3.1272125244140625,6.28605842590332,1.1592565774917603,-2.132831573486328,0.09958457946777344,-456.57080078125,3.6300048828125,0.02901075884535229,0.06925143381297173,978.2435913085938,1.9807887077331543,0.0046844482421875,2.445587158203125,0.4390404522418976,3.856482858147842,1.2346526384353638,Other,True,False
case4,3584,1792,3840,2048,256,256,27.21728515625,1199.0670166015625,17.342368967330795,0.24190578954060973,11.083379745483398,0.4449462890625,28.238073348999023,1329.2535400390625,16.89472530291193,10.276643753051758,27.00506591796875,1183.2799072265625,17.399928559253325,10.896097183227539,27.21728515625,11.083379745483398,9.997065544128418,2.692169189453125,4.259077548980713,0.9425354599952698,-1.0207881927490234,0.21221923828125,-130.1865234375,15.787109375,0.08122154273704811,0.11490273196516608,757.9717407226562,1.7209433317184448,0.003875732421875,2.2922465801239014,0.3198759853839874,3.6266741419093553,1.33197021484375,Other,True,False
case4,2688,2176,2944,2432,256,256,27.61067771911621,1292.8416748046875,17.01535024545587,0.2528188344140911,10.396356582641602,0.418060302734375,28.6600399017334,1533.6429443359375,16.27356135929341,9.943214416503906,27.431243896484375,1288.8385009765625,17.02881863178831,10.276765823364258,27.61067771911621,10.396356582641602,10.448410034179688,2.9735107421875,3.6682114601135254,1.0344074964523315,-1.0493621826171875,0.17943382263183594,-240.80126953125,4.003173828125,0.036880143997443715,0.07345943139031691,1190.4560546875,1.869376540184021,0.0028228759765625,2.246490478515625,0.4943889081478119,3.9769685478920254,1.20173180103302,Other,True,False
case4,3712,512,3968,768,256,256,32.953372955322266,1700.3509521484375,15.825417880328965,0.17384258838258582,14.296809196472168,0.5605010986328125,35.32387924194336,2083.252197265625,14.943384667129646,13.090080261230469,32.74180221557617,1684.6839599609375,15.865619068326078,14.078685760498047,32.953372955322266,14.296809196472168,15.796977043151855,3.1546173095703125,6.964514255523682,1.1431012153625488,-2.3705062866210938,0.21157073974609375,-382.9012451171875,15.6669921875,0.07573222631196624,0.09674144209198868,723.8748779296875,1.8797423839569092,0.0012664794921875,2.240906000137329,0.28134632110595703,3.7564762967621523,1.1921340227127075,Other,True,False
case4,2560,1792,2816,2048,256,256,32.35329818725586,1620.7916259765625,16.03353172594254,0.20224401770781628,11.81309700012207,0.4812164306640625,35.13285446166992,2173.517822265625,14.75917136934382,13.544462203979492,32.09516525268555,1607.056640625,16.070491414115338,11.429195404052734,32.35329818725586,11.81309700012207,15.226231575012207,3.490330934524536,10.017816543579102,1.4377551078796387,-2.7795562744140625,0.2581329345703125,-552.7261962890625,13.7349853515625,0.06070016539138559,0.09793664524767214,844.509033203125,2.1793999671936035,0.008056640625,2.7008769512176514,0.3647671639919281,3.8511213516658716,1.2392749786376953,Other,True,False
case4,2944,1920,3200,2176,256,256,28.094970703125,1300.7352294921875,16.988914884737813,0.29498650069395904,9.356809616088867,0.353240966796875,28.095306396484375,1482.2685546875,16.421534952259865,9.266956329345703,27.76444435119629,1289.273681640625,17.027352435067158,9.323197364807129,28.094970703125,9.356809616088867,11.03654956817627,3.320770263671875,3.969817876815796,1.1833127737045288,-0.000335693359375,0.33052635192871094,-181.5333251953125,11.4615478515625,0.08583991707640934,0.09994156368608648,1105.1007080078125,2.095071315765381,0.0023651123046875,2.6766867637634277,0.46983781456947327,3.994663916218826,1.2776106595993042,Other,True,False
case4,0,256,256,512,256,256,22.37528419494629,821.86376953125,18.982805520104147,0.2804867625413847,9.233037948608398,0.373321533203125,22.42891502380371,844.30029296875,18.865833790355868,8.27660846710205,22.200124740600586,812.599365234375,19.03203893001892,9.074408531188965,22.37528419494629,9.233037948608398,5.495157718658447,1.9173990488052368,1.860243320465088,0.6649218797683716,-0.053630828857421875,0.17515945434570312,-22.4365234375,9.264404296875,0.08309592081455151,0.10760954132212212,296.44677734375,1.1618499755859375,0.0,1.4831340312957764,0.2616986930370331,3.110076919164365,1.276526927947998,Other,True,False
case4,640,2176,896,2432,256,256,26.995498657226562,1227.5633544921875,17.24036472566585,0.3060450751783707,9.226625442504883,0.3543548583984375,26.993616104125977,1376.8651123046875,16.741889667695332,9.077251434326172,26.72222328186035,1214.2200927734375,17.287829401590745,9.157415390014648,26.995498657226562,9.226625442504883,10.13874340057373,2.9381611347198486,3.0215225219726562,1.0346424579620361,0.0018825531005859375,0.27327537536621094,-149.3017578125,13.34326171875,0.08966719153276624,0.10569705068563466,927.286865234375,1.8967337608337402,0.0021820068359375,2.3759970664978027,0.46198466420173645,3.849064612952765,1.2526775598526,Other,True,False
case4,3712,1920,3968,2176,256,256,28.7199649810791,1310.6788330078125,16.95584086879235,0.24922830461897413,10.814067840576172,0.427947998046875,29.923242568969727,1534.775390625,16.270355123971967,10.047607421875,28.52978515625,1302.5579833984375,16.982832822704825,10.63454818725586,28.7199649810791,10.814067840576172,11.8656005859375,2.891382932662964,4.776173114776611,1.0355939865112305,-1.203277587890625,0.19017982482910156,-224.0965576171875,8.120849609375,0.06346238876611007,0.08372133321956214,462.41094970703125,1.7177143096923828,0.00054931640625,2.0398154258728027,0.2870310842990875,3.4179188506856852,1.1875165700912476,Other,True,False
case4,3200,1664,3456,1920,256,256,21.914987564086914,882.1602172851562,18.675329123624863,0.33725929546551575,8.020002365112305,0.302398681640625,21.363367080688477,887.9627075195312,18.646856117304328,7.483262062072754,21.57782554626465,866.35888671875,18.75382564561876,7.9032182693481445,21.914987564086914,8.020002365112305,5.11768102645874,2.051661252975464,1.6980080604553223,0.7525690197944641,0.5516204833984375,0.3371620178222656,-5.802490234375,15.80133056640625,0.12487549429522948,0.13897890807880567,681.3588256835938,1.4900238513946533,0.0017547607421875,2.064117431640625,0.5127547383308411,3.4614646758467913,1.3852906227111816,Other,True,False
case4,2688,1024,2944,1280,256,256,30.36464500427246,1418.8326416015625,16.611491428872036,0.22542783166822866,10.391286849975586,0.4171142578125,32.54805374145508,1780.6607666015625,15.624991485676912,10.250883102416992,30.28753089904785,1416.79052734375,16.617747241630553,10.246438980102539,30.36464500427246,10.391286849975586,13.584564208984375,3.281468629837036,6.457857608795166,1.167881965637207,-2.183408737182617,0.07711410522460938,-361.828125,2.0421142578125,0.040972568075759074,0.06767970400159937,847.76708984375,2.0129451751708984,0.0016326904296875,2.4148969650268555,0.3496827483177185,3.849637624675759,1.1996828317642212,Other,True,False
case4,384,0,640,256,256,256,22.555227279663086,921.4990234375,18.485854767637704,0.3092986066786131,9.043832778930664,0.3574676513671875,22.808908462524414,977.5806274414062,18.229277787474796,8.36264705657959,22.368139266967773,913.3119506835938,18.524612518828828,8.904030799865723,22.555227279663086,9.043832778930664,5.837351322174072,2.1003265380859375,1.6215559244155884,0.6789427995681763,-0.2536811828613281,0.1870880126953125,-56.08160400390625,8.18707275390625,0.04419427692290641,0.09462917451233431,589.2555541992188,1.285685420036316,0.0003662109375,1.6587117910385132,0.426593542098999,3.1665667901278596,1.2901371717453003,Other,True,False
case4,3456,1664,3712,1920,256,256,23.997323989868164,980.3986206054688,18.216776828467125,0.30699105350610917,8.609580993652344,0.341644287109375,23.215951919555664,975.69873046875,18.23764611904422,8.026334762573242,23.60894775390625,954.5693359375,18.33272858511018,8.509119033813477,23.997323989868164,8.609580993652344,7.322275638580322,2.6186420917510986,2.164536952972412,0.8883440494537354,0.7813720703125,0.38837623596191406,4.69989013671875,25.82928466796875,0.18125019858986027,0.1710211706510237,763.8792724609375,1.8311057090759277,0.002044677734375,2.3187663555145264,0.44485434889793396,3.7191517993695693,1.2663196325302124,Other,True,False
case4,3584,128,3840,384,256,256,38.4648551940918,2254.2109375,14.600858140852328,0.18019775073716107,14.186860084533691,0.533050537109375,43.68177795410156,3121.745361328125,13.186828992502434,15.791070938110352,38.38981246948242,2248.658447265625,14.611568445735273,14.009658813476562,38.4648551940918,14.186860084533691,21.84052085876465,4.668131351470947,10.52332878112793,1.7888689041137695,-5.216922760009766,0.075042724609375,-867.534423828125,5.552490234375,0.05940534161581348,0.0794900158548918,1651.72021484375,2.8296592235565186,0.014190673828125,3.4476318359375,0.36601004004478455,4.307963733464244,1.2183908224105835,D_direction_mismatch_or_harmful,True,False
case4,2944,2304,3200,2560,256,256,24.906951904296875,1102.902099609375,17.705433973728066,0.29084772590663643,10.188270568847656,0.3887786865234375,25.527429580688477,1271.24267578125,17.088518918890106,9.5108642578125,24.71870994567871,1097.1336669921875,17.72820798573607,10.047469139099121,24.906951904296875,10.188270568847656,8.364222526550293,2.3311259746551514,2.8035531044006348,0.7851695418357849,-0.6204776763916016,0.18824195861816406,-168.340576171875,5.7684326171875,0.0213530208750967,0.07637717879351807,822.9342041015625,1.3021421432495117,0.0,1.6588542461395264,0.4845241606235504,3.409528265504041,1.2739416360855103,Other,True,False
case4,1024,384,1280,640,256,256,27.79630470275879,1278.947265625,17.062277127661606,0.2589893320193128,9.545676231384277,0.355560302734375,27.9153995513916,1491.0443115234375,16.395897973317577,8.642196655273438,27.48781394958496,1265.6007080078125,17.107836412871535,9.397040367126465,27.79630470275879,9.545676231384277,11.279312133789062,2.8072509765625,4.3940935134887695,0.993344783782959,-0.1190948486328125,0.3084907531738281,-212.0970458984375,13.3465576171875,0.05932426783995972,0.10239279618024123,686.0635375976562,1.7997151613235474,0.003143310546875,2.2372336387634277,0.4665900468826294,3.526098105241953,1.2431036233901978,Other,True,False
case4,128,2176,384,2432,256,256,32.905033111572266,1704.8660888671875,15.81390094956133,0.23763290819554175,11.221210479736328,0.4021759033203125,33.49821853637695,2160.875244140625,14.784506504401534,12.595418930053711,32.3824348449707,1674.9139404296875,15.890878662561095,11.153480529785156,32.905033111572266,11.221210479736328,16.42193031311035,4.01538610458374,6.934666633605957,1.450379490852356,-0.5931854248046875,0.5225982666015625,-456.0091552734375,29.9521484375,0.1167927889098107,0.13341139931147405,1322.1405029296875,2.266183853149414,0.00933837890625,2.686004638671875,0.5004284381866455,3.9848590509418425,1.1852539777755737,Other,True,False
case4,1152,0,1408,256,256,256,25.24785804748535,1021.6140747070312,18.037934565686164,0.2461776421904487,10.076016426086426,0.40380859375,26.01259422302246,1163.702880859375,17.47238247612347,9.293743133544922,25.090524673461914,1012.4557495117188,18.077043142462976,9.956438064575195,25.24785804748535,10.076016426086426,8.808629035949707,2.338495969772339,2.9373135566711426,0.8109913468360901,-0.7647361755371094,0.1573333740234375,-142.08880615234375,9.1583251953125,0.03821544998261655,0.09491017702635787,415.38714599609375,1.4548351764678955,0.0,1.8280640840530396,0.3479921221733093,3.289371822358884,1.2565429210662842,Other,True,False
case4,2944,2048,3200,2304,256,256,28.579870223999023,1373.6390380859375,16.752077345149445,0.29416984576706007,9.618406295776367,0.3652191162109375,29.866867065429688,1710.7113037109375,15.799036422856698,9.845703125,28.5301570892334,1384.2877197265625,16.718539420024772,9.550657272338867,28.579870223999023,9.618406295776367,12.15953540802002,3.1588847637176514,5.942532539367676,1.129591703414917,-1.286996841430664,0.049713134765625,-337.072265625,-10.648681640625,0.02150661017748834,0.032320801844889654,1354.761962890625,1.8301894664764404,0.0024261474609375,2.2419333457946777,0.45385313034057617,4.181377696226547,1.2249727249145508,Other,True,False
case4,3328,128,3584,384,256,256,37.12922668457031,2223.22265625,14.660974162041555,0.17908165998250794,15.400178909301758,0.593048095703125,41.21413803100586,3007.363037109375,13.348945040051968,15.361671447753906,36.81936264038086,2211.149658203125,14.68462213761268,15.19528579711914,37.12922668457031,15.400178909301758,20.817373275756836,4.72174072265625,9.831802368164062,1.7114379405975342,-4.084911346435547,0.3098640441894531,-784.140380859375,12.072998046875,0.05988261673286096,0.09265620090426843,1726.1910400390625,2.6053690910339355,0.0067138671875,3.2961325645446777,0.38276124000549316,4.320823941864237,1.2651302814483643,D_direction_mismatch_or_harmful,True,False
case4,3840,640,4096,896,256,256,32.23335266113281,1596.9921875,16.09777554081666,0.18446300837399507,12.513818740844727,0.5091400146484375,34.42646408081055,2016.1507568359375,15.085573423519458,12.14018440246582,32.01923751831055,1583.5623779296875,16.134451911570142,12.355995178222656,32.23335266113281,12.513818740844727,15.975672721862793,3.543004274368286,5.631335258483887,1.2244915962219238,-2.1931114196777344,0.21411514282226562,-419.1585693359375,13.4298095703125,0.07053900067104847,0.09713417229340686,911.392578125,2.059899091720581,0.0012054443359375,2.6458840370178223,0.3332233428955078,3.8500744031411553,1.284472107887268,Other,True,False
case4,2688,768,2944,1024,256,256,28.24267578125,1378.5697021484375,16.736516698738004,0.28658947757494974,9.759864807128906,0.3563232421875,29.913070678710938,1737.7127685546875,15.731023978200792,10.173048973083496,28.149887084960938,1376.8131103515625,16.74205334378271,9.717987060546875,28.24267578125,9.759864807128906,12.103480339050293,3.578435182571411,5.0147857666015625,1.2943699359893799,-1.6703948974609375,0.0927886962890625,-359.14306640625,1.756591796875,0.0401981490815966,0.07938103819458663,1888.562255859375,2.159339427947998,0.011199951171875,2.945648193359375,0.6009659767150879,3.979285870048153,1.3641425371170044,Other,True,False
case4,256,128,512,384,256,256,21.335189819335938,794.274169921875,19.13109946529359,0.3131178732187719,9.193655014038086,0.357879638671875,21.527572631835938,827.93701171875,18.950830393264987,8.450798034667969,21.180343627929688,786.470458984375,19.173979323141047,9.068350791931152,21.335189819335938,9.193655014038086,5.229695796966553,1.9242960214614868,1.508015513420105,0.6328344345092773,-0.1923828125,0.15484619140625,-33.662841796875,7.8037109375,0.0630499159114525,0.09918568516571812,340.9848937988281,1.1782588958740234,0.0003509521484375,1.548614501953125,0.2999878227710724,2.977180314238232,1.3143234252929688,Other,True,False
case4,2560,2176,2816,2432,256,256,31.47614097595215,1606.7613525390625,16.071289796516382,0.22361123399459581,11.239850044250488,0.4302978515625,33.98487854003906,2215.52099609375,14.676045076996054,12.326106071472168,31.3719425201416,1608.6849365234375,16.066093341164184,11.107490539550781,31.47614097595215,11.239850044250488,15.433502197265625,3.485809326171875,7.424142837524414,1.260103464126587,-2.508737564086914,0.10419845581054688,-608.7596435546875,-1.923583984375,0.027865303193036726,0.06058409649405528,1157.677978515625,2.1391818523406982,0.0048370361328125,2.5678203105926514,0.4736268222332001,3.98505994642575,1.2003743648529053,Other,True,False
