case,method,region,pixels,mean_weight,change_L1,error_to_GT_L1,gradient_change
case1,LQ,strong_edge,2516583,,0.000000,9.768621,0.000000
case1,LQ,textured_non_edge,51886,,0.000000,1.874616,0.000000
case1,LQ,other,10014443,,0.000000,1.178697,0.000000
case1,HYPIR-50,strong_edge,2516583,,3.635112,9.033009,10.677102
case1,HYPIR-50,textured_non_edge,51886,,0.855632,1.967114,3.001170
case1,HYPIR-50,other,10014443,,0.781995,1.380638,2.857273
case1,HYPIR-200,strong_edge,2516583,,9.800676,11.349716,33.829556
case1,HYPIR-200,textured_non_edge,51886,,1.919400,2.519607,8.664959
case1,HYPIR-200,other,10014443,,2.125929,2.407038,10.259652
case1,confidence_200_LQ,strong_edge,2516583,,4.834008,9.603931,17.764816
case1,confidence_200_LQ,textured_non_edge,51886,,0.301019,1.872149,1.959425
case1,confidence_200_LQ,other,10014443,,0.056625,1.187003,0.530020
case1,structure_guard_h50,strong_edge,2516583,0.205702,0.629327,9.522848,2.105682
case1,structure_guard_h50,textured_non_edge,51886,0.316705,0.270881,1.876563,1.595405
case1,structure_guard_h50,other,10014443,0.318530,0.248892,1.215235,1.899520
case1,structure_guard_h200,strong_edge,2516583,0.205702,1.588311,9.366427,5.649086
case1,structure_guard_h200,textured_non_edge,51886,0.316705,0.607849,1.918267,2.708379
case1,structure_guard_h200,other,10014443,0.318530,0.677157,1.383772,3.353569
case1,texture_selective_h50,strong_edge,2516583,0.227180,0.879159,9.476310,3.070076
case1,texture_selective_h50,textured_non_edge,51886,0.116545,0.099869,1.875018,1.632407
case1,texture_selective_h50,other,10014443,0.057181,0.045066,1.184859,1.903634
case1,texture_selective_h200,strong_edge,2516583,0.227180,2.364277,9.351180,8.738463
case1,texture_selective_h200,textured_non_edge,51886,0.116545,0.223921,1.881103,1.873746
case1,texture_selective_h200,other,10014443,0.057181,0.121161,1.203929,2.114414
case1,blurred_texture_h50,strong_edge,2516583,0.123291,0.409299,9.607567,1.518298
case1,blurred_texture_h50,textured_non_edge,51886,0.112952,0.096611,1.875178,1.637419
case1,blurred_texture_h50,other,10014443,0.057200,0.045060,1.184877,1.903558
case1,blurred_texture_h200,strong_edge,2516583,0.123291,1.050507,9.483758,3.913260
case1,blurred_texture_h200,textured_non_edge,51886,0.112952,0.216888,1.881078,1.875159
case1,blurred_texture_h200,other,10014443,0.057200,0.121201,1.203978,2.114162
case2,LQ,strong_edge,2516584,,0.000000,13.509303,0.000000
case2,LQ,textured_non_edge,419187,,0.000000,6.159645,0.000000
case2,LQ,other,9647141,,0.000000,4.127579,0.000000
case2,HYPIR-50,strong_edge,2516584,,8.580615,11.906406,27.539915
case2,HYPIR-50,textured_non_edge,419187,,2.492032,5.978041,4.635227
case2,HYPIR-50,other,9647141,,1.695587,4.090315,4.396396
case2,HYPIR-200,strong_edge,2516584,,24.077450,19.651217,76.765053
case2,HYPIR-200,textured_non_edge,419187,,6.040349,6.761423,13.731372
case2,HYPIR-200,other,9647141,,4.699200,5.401188,15.307190
case2,confidence_200_LQ,strong_edge,2516584,,10.062053,11.559622,34.002468
case2,confidence_200_LQ,textured_non_edge,419187,,2.064143,5.569717,4.943032
case2,confidence_200_LQ,other,9647141,,0.862691,3.888700,2.804969
case2,structure_guard_h50,strong_edge,2516584,0.179725,1.399631,12.795096,4.495636
case2,structure_guard_h50,textured_non_edge,419187,0.270415,0.664950,6.024291,1.627965
case2,structure_guard_h50,other,9647141,0.307008,0.493829,4.050689,1.844413
case2,structure_guard_h200,strong_edge,2516584,0.179725,3.975924,11.836085,12.969171
case2,structure_guard_h200,textured_non_edge,419187,0.270415,1.598434,5.647600,3.807519
case2,structure_guard_h200,other,9647141,0.307008,1.349672,3.933637,4.377291
case2,texture_selective_h50,strong_edge,2516584,0.234710,1.907381,12.559884,6.269547
case2,texture_selective_h50,textured_non_edge,419187,0.262623,0.646497,6.026673,1.598118
case2,texture_selective_h50,other,9647141,0.106799,0.226703,4.069015,1.568683
case2,texture_selective_h200,strong_edge,2516584,0.234710,5.328803,11.435679,17.738329
case2,texture_selective_h200,textured_non_edge,419187,0.262623,1.546156,5.648774,3.728931
case2,texture_selective_h200,other,9647141,0.106799,0.648137,3.932811,2.709183
case2,blurred_texture_h50,strong_edge,2516584,0.130534,0.958317,13.021817,3.086091
case2,blurred_texture_h50,textured_non_edge,419187,0.211582,0.515165,6.055161,1.343325
case2,blurred_texture_h50,other,9647141,0.100798,0.201884,4.079306,1.501668
case2,blurred_texture_h200,strong_edge,2516584,0.130534,2.701780,12.228803,8.697539
case2,blurred_texture_h200,textured_non_edge,419187,0.211582,1.229117,5.729794,2.997754
case2,blurred_texture_h200,other,9647141,0.100798,0.571637,3.954305,2.467073
case3,LQ,strong_edge,2516583,,0.000000,5.031256,0.000000
case3,LQ,textured_non_edge,279395,,0.000000,2.705838,0.000000
case3,LQ,other,9786934,,0.000000,1.450532,0.000000
case3,HYPIR-50,strong_edge,2516583,,3.783150,5.793312,8.719844
case3,HYPIR-50,textured_non_edge,279395,,1.624073,3.173305,3.329569
case3,HYPIR-50,other,9786934,,1.206755,1.984797,3.109792
case3,HYPIR-200,strong_edge,2516583,,11.717484,11.605199,28.774324
case3,HYPIR-200,textured_non_edge,279395,,4.115929,4.856893,11.140784
case3,HYPIR-200,other,9786934,,3.333483,3.689075,11.552807
case3,confidence_200_LQ,strong_edge,2516583,,4.955658,6.255561,12.636578
case3,confidence_200_LQ,textured_non_edge,279395,,1.358692,2.987143,3.719282
case3,confidence_200_LQ,other,9786934,,0.484405,1.581737,1.647441
case3,structure_guard_h50,strong_edge,2516583,0.190755,0.649753,4.970754,1.646426
case3,structure_guard_h50,textured_non_edge,279395,0.274509,0.440913,2.747634,1.313092
case3,structure_guard_h50,other,9786934,0.302192,0.357981,1.552289,1.503395
case3,structure_guard_h200,strong_edge,2516583,0.190755,2.032695,5.114602,4.994318
case3,structure_guard_h200,textured_non_edge,279395,0.274509,1.107407,2.898984,2.998830
case3,structure_guard_h200,other,9786934,0.302192,0.982408,1.837870,3.260803
case3,texture_selective_h50,strong_edge,2516583,0.219239,0.817536,4.947611,2.119652
case3,texture_selective_h50,textured_non_edge,279395,0.223894,0.357487,2.736911,1.159156
case3,texture_selective_h50,other,9786934,0.097569,0.130053,1.477810,1.376627
case3,texture_selective_h200,strong_edge,2516583,0.219239,2.505247,5.159351,6.321815
case3,texture_selective_h200,textured_non_edge,279395,0.223894,0.887729,2.821497,2.449168
case3,texture_selective_h200,other,9786934,0.097569,0.368092,1.537832,1.775957
case3,blurred_texture_h50,strong_edge,2516583,0.130214,0.435918,4.991337,1.204221
case3,blurred_texture_h50,textured_non_edge,279395,0.183989,0.291745,2.730932,1.076972
case3,blurred_texture_h50,other,9786934,0.093416,0.121988,1.477360,1.368568
case3,blurred_texture_h200,strong_edge,2516583,0.130214,1.345674,5.019590,3.318310
case3,blurred_texture_h200,textured_non_edge,279395,0.183989,0.721926,2.783750,2.019095
case3,blurred_texture_h200,other,9786934,0.093416,0.342553,1.531589,1.707419
case4,LQ,strong_edge,2516583,,0.000000,35.340649,0.000000
case4,LQ,blurred_texture,54,,0.000000,30.672836,0.000000
case4,LQ,textured_non_edge,394737,,0.000000,24.136026,0.000000
case4,LQ,other,9671538,,0.000000,21.123352,0.000000
case4,HYPIR-50,strong_edge,2516583,,6.054087,34.732117,17.507940
case4,HYPIR-50,blurred_texture,54,,2.981482,29.493826,7.373771
case4,HYPIR-50,textured_non_edge,394737,,2.820464,24.272495,5.829588
case4,HYPIR-50,other,9671538,,2.192953,20.966440,5.519845
case4,HYPIR-200,strong_edge,2516583,,27.503132,41.003159,90.484169
case4,HYPIR-200,blurred_texture,54,,24.592590,33.944443,106.192444
case4,HYPIR-200,textured_non_edge,394737,,10.433134,25.249979,33.993362
case4,HYPIR-200,other,9671538,,10.104365,23.036854,38.505096
case4,confidence_200_LQ,strong_edge,2516583,,12.171752,35.648933,39.149906
case4,confidence_200_LQ,blurred_texture,54,,8.228395,29.358023,31.210123
case4,confidence_200_LQ,textured_non_edge,394737,,4.261686,24.049294,13.779265
case4,confidence_200_LQ,other,9671538,,2.707939,21.161818,9.820012
case4,structure_guard_h50,strong_edge,2516583,0.168559,0.945265,35.189529,2.972241
case4,structure_guard_h50,blurred_texture,54,0.230541,0.683341,30.356714,2.246481
case4,structure_guard_h50,textured_non_edge,394737,0.239707,0.671088,24.140516,1.718175
case4,structure_guard_h50,other,9671538,0.278768,0.586329,21.062403,1.816611
case4,structure_guard_h200,strong_edge,2516583,0.168559,4.372489,35.035339,13.618546
case4,structure_guard_h200,blurred_texture,54,0.230541,5.613247,29.344498,19.862110
case4,structure_guard_h200,textured_non_edge,394737,0.239707,2.447771,23.949829,7.477238
case4,structure_guard_h200,other,9671538,0.278768,2.654468,21.131067,9.356860
case4,texture_selective_h50,strong_edge,2516583,0.236601,1.422136,35.118450,4.422798
case4,texture_selective_h50,blurred_texture,54,0.237755,0.708631,30.342039,2.255962
case4,texture_selective_h50,textured_non_edge,394737,0.257520,0.724100,24.142038,1.840917
case4,texture_selective_h50,other,9671538,0.148741,0.355299,21.085474,1.448728
case4,texture_selective_h200,strong_edge,2516583,0.236601,6.395228,34.998287,20.153307
case4,texture_selective_h200,blurred_texture,54,0.237755,5.828787,29.345644,21.041723
case4,texture_selective_h200,textured_non_edge,394737,0.257520,2.630588,23.947495,8.166868
case4,texture_selective_h200,other,9671538,0.148741,1.677742,21.078594,5.933112
case4,blurred_texture_h50,strong_edge,2516583,0.119400,0.675060,35.229908,2.189638
case4,blurred_texture_h50,blurred_texture,54,0.198904,0.591479,30.398064,2.049326
case4,blurred_texture_h50,textured_non_edge,394737,0.171405,0.478706,24.135164,1.292198
case4,blurred_texture_h50,other,9671538,0.126710,0.290729,21.092081,1.290022
case4,blurred_texture_h200,strong_edge,2516583,0.119400,3.104552,35.066875,9.736123
case4,blurred_texture_h200,blurred_texture,54,0.198904,4.859732,29.461863,16.986252
case4,blurred_texture_h200,textured_non_edge,394737,0.171405,1.754548,23.967497,5.328845
case4,blurred_texture_h200,other,9671538,0.126710,1.354378,21.070240,4.762211
case5,LQ,strong_edge,2516583,,0.000000,17.700729,0.000000
case5,LQ,textured_non_edge,323862,,0.000000,7.156791,0.000000
case5,LQ,other,9742467,,0.000000,4.508435,0.000000
case5,HYPIR-50,strong_edge,2516583,,13.774226,14.423262,50.103664
case5,HYPIR-50,textured_non_edge,323862,,3.490166,6.845639,9.184138
case5,HYPIR-50,other,9742467,,1.899701,4.401040,5.611778
case5,HYPIR-200,strong_edge,2516583,,26.690998,21.127918,86.370209
case5,HYPIR-200,textured_non_edge,323862,,6.084229,7.231469,12.689672
case5,HYPIR-200,other,9742467,,4.085247,5.282000,13.290306
case5,confidence_200_LQ,strong_edge,2516583,,10.886676,14.753413,39.380123
case5,confidence_200_LQ,textured_non_edge,323862,,2.208791,6.574368,5.596724
case5,confidence_200_LQ,other,9742467,,0.713076,4.360129,2.547567
case5,structure_guard_h50,strong_edge,2516583,0.194986,2.395874,16.441282,8.594804
case5,structure_guard_h50,textured_non_edge,323862,0.275298,0.952380,6.903769,3.146510
case5,structure_guard_h50,other,9742467,0.306155,0.554821,4.401050,2.210144
case5,structure_guard_h200,strong_edge,2516583,0.194986,4.662941,15.752596,16.279858
case5,structure_guard_h200,textured_non_edge,323862,0.275298,1.656141,6.661103,4.203918
case5,structure_guard_h200,other,9742467,0.306155,1.195498,4.379022,4.168421
case5,texture_selective_h50,strong_edge,2516583,0.240315,3.263655,15.983711,12.083849
case5,texture_selective_h50,textured_non_edge,323862,0.254686,0.878291,6.921336,2.929753
case5,texture_selective_h50,other,9742467,0.096927,0.244263,4.441500,1.722591
case5,texture_selective_h200,strong_edge,2516583,0.240315,6.270488,15.163031,22.664520
case5,texture_selective_h200,textured_non_edge,323862,0.254686,1.520739,6.687310,3.935378
case5,texture_selective_h200,other,9742467,0.096927,0.513310,4.387697,2.460308
case5,blurred_texture_h50,strong_edge,2516583,0.127208,1.589814,16.829998,5.669630
case5,blurred_texture_h50,textured_non_edge,323862,0.183036,0.630395,6.978114,2.118686
case5,blurred_texture_h50,other,9742467,0.089031,0.211188,4.452474,1.608692
case5,blurred_texture_h200,strong_edge,2516583,0.127208,3.091327,16.262094,10.752874
case5,blurred_texture_h200,textured_non_edge,323862,0.183036,1.091787,6.787884,2.849932
case5,blurred_texture_h200,other,9742467,0.089031,0.445652,4.403975,2.232725
