case,method,weight,region,pixels,mean_weight,change_L1,error_to_GT_L1
case1,LQ,,strong_edge,2516583,,0.000000,9.768621
case1,LQ,,textured_non_edge,51886,,0.000000,1.874616
case1,LQ,,other,10014443,,0.000000,1.178697
case1,HYPIR-200,,strong_edge,2516583,,9.800676,11.349716
case1,HYPIR-200,,textured_non_edge,51886,,1.919400,2.519607
case1,HYPIR-200,,other,10014443,,2.125929,2.407038
case1,texture_selective_h200,,strong_edge,2516583,0.227180,2.364277,9.351180
case1,texture_selective_h200,,textured_non_edge,51886,0.116545,0.223921,1.881103
case1,texture_selective_h200,,other,10014443,0.057181,0.121161,1.203929
case1,texture_weight_0.25_h200,0.25,strong_edge,2516583,0.227180,2.364277,9.351180
case1,texture_weight_0.25_h200,0.25,textured_non_edge,51886,0.250000,0.479850,1.897156
case1,texture_weight_0.25_h200,0.25,other,10014443,0.057181,0.121161,1.203929
case1,texture_weight_0.40_h200,0.40,strong_edge,2516583,0.227180,2.364277,9.351180
case1,texture_weight_0.40_h200,0.40,textured_non_edge,51886,0.400000,0.767760,1.957312
case1,texture_weight_0.40_h200,0.40,other,10014443,0.057181,0.121161,1.203929
case1,texture_weight_0.55_h200,0.55,strong_edge,2516583,0.227180,2.364277,9.351180
case1,texture_weight_0.55_h200,0.55,textured_non_edge,51886,0.550000,1.055670,2.056796
case1,texture_weight_0.55_h200,0.55,other,10014443,0.057181,0.121161,1.203929
case1,texture_weight_0.70_h200,0.70,strong_edge,2516583,0.227180,2.364277,9.351180
case1,texture_weight_0.70_h200,0.70,textured_non_edge,51886,0.700000,1.343580,2.192848
case1,texture_weight_0.70_h200,0.70,other,10014443,0.057181,0.121161,1.203929
case1,texture_weight_0.85_h200,0.85,strong_edge,2516583,0.227180,2.364277,9.351180
case1,texture_weight_0.85_h200,0.85,textured_non_edge,51886,0.850000,1.631490,2.352840
case1,texture_weight_0.85_h200,0.85,other,10014443,0.057181,0.121161,1.203929
case1,texture_weight_1.00_h200,1.00,strong_edge,2516583,0.227180,2.364277,9.351180
case1,texture_weight_1.00_h200,1.00,textured_non_edge,51886,1.000000,1.919400,2.519607
case1,texture_weight_1.00_h200,1.00,other,10014443,0.057181,0.121161,1.203929
case2,LQ,,strong_edge,2516584,,0.000000,13.509303
case2,LQ,,textured_non_edge,419187,,0.000000,6.159645
case2,LQ,,other,9647141,,0.000000,4.127579
case2,HYPIR-200,,strong_edge,2516584,,24.077450,19.651217
case2,HYPIR-200,,textured_non_edge,419187,,6.040349,6.761423
case2,HYPIR-200,,other,9647141,,4.699200,5.401188
case2,texture_selective_h200,,strong_edge,2516584,0.234710,5.328803,11.435679
case2,texture_selective_h200,,textured_non_edge,419187,0.262623,1.546156,5.648774
case2,texture_selective_h200,,other,9647141,0.106799,0.648137,3.932811
case2,texture_weight_0.25_h200,0.25,strong_edge,2516584,0.234710,5.328803,11.435679
case2,texture_weight_0.25_h200,0.25,textured_non_edge,419187,0.250000,1.510087,5.669801
case2,texture_weight_0.25_h200,0.25,other,9647141,0.106799,0.648137,3.932811
case2,texture_weight_0.40_h200,0.40,strong_edge,2516584,0.234710,5.328803,11.435679
case2,texture_weight_0.40_h200,0.40,textured_non_edge,419187,0.400000,2.416141,5.592181
case2,texture_weight_0.40_h200,0.40,other,9647141,0.106799,0.648137,3.932811
case2,texture_weight_0.55_h200,0.55,strong_edge,2516584,0.234710,5.328803,11.435679
case2,texture_weight_0.55_h200,0.55,textured_non_edge,419187,0.550000,3.322192,5.682406
case2,texture_weight_0.55_h200,0.55,other,9647141,0.106799,0.648137,3.932811
case2,texture_weight_0.70_h200,0.70,strong_edge,2516584,0.234710,5.328803,11.435679
case2,texture_weight_0.70_h200,0.70,textured_non_edge,419187,0.700000,4.228244,5.925352
case2,texture_weight_0.70_h200,0.70,other,9647141,0.106799,0.648137,3.932811
case2,texture_weight_0.85_h200,0.85,strong_edge,2516584,0.234710,5.328803,11.435679
case2,texture_weight_0.85_h200,0.85,textured_non_edge,419187,0.850000,5.134297,6.297012
case2,texture_weight_0.85_h200,0.85,other,9647141,0.106799,0.648137,3.932811
case2,texture_weight_1.00_h200,1.00,strong_edge,2516584,0.234710,5.328803,11.435679
case2,texture_weight_1.00_h200,1.00,textured_non_edge,419187,1.000000,6.040349,6.761423
case2,texture_weight_1.00_h200,1.00,other,9647141,0.106799,0.648137,3.932811
case3,LQ,,strong_edge,2516583,,0.000000,5.031256
case3,LQ,,textured_non_edge,279395,,0.000000,2.705838
case3,LQ,,other,9786934,,0.000000,1.450532
case3,HYPIR-200,,strong_edge,2516583,,11.717484,11.605199
case3,HYPIR-200,,textured_non_edge,279395,,4.115929,4.856893
case3,HYPIR-200,,other,9786934,,3.333483,3.689075
case3,texture_selective_h200,,strong_edge,2516583,0.219239,2.505247,5.159351
case3,texture_selective_h200,,textured_non_edge,279395,0.223894,0.887729,2.821497
case3,texture_selective_h200,,other,9786934,0.097569,0.368092,1.537832
case3,texture_weight_0.25_h200,0.25,strong_edge,2516583,0.219239,2.505247,5.159351
case3,texture_weight_0.25_h200,0.25,textured_non_edge,279395,0.250000,1.028982,2.873542
case3,texture_weight_0.25_h200,0.25,other,9786934,0.097569,0.368092,1.537832
case3,texture_weight_0.40_h200,0.40,strong_edge,2516583,0.219239,2.505247,5.159351
case3,texture_weight_0.40_h200,0.40,textured_non_edge,279395,0.400000,1.646372,3.145674
case3,texture_weight_0.40_h200,0.40,other,9786934,0.097569,0.368092,1.537832
case3,texture_weight_0.55_h200,0.55,strong_edge,2516583,0.219239,2.505247,5.159351
case3,texture_weight_0.55_h200,0.55,textured_non_edge,279395,0.550000,2.263761,3.503826
case3,texture_weight_0.55_h200,0.55,other,9786934,0.097569,0.368092,1.537832
case3,texture_weight_0.70_h200,0.70,strong_edge,2516583,0.219239,2.505247,5.159351
case3,texture_weight_0.70_h200,0.70,textured_non_edge,279395,0.700000,2.881150,3.921704
case3,texture_weight_0.70_h200,0.70,other,9786934,0.097569,0.368092,1.537832
case3,texture_weight_0.85_h200,0.85,strong_edge,2516583,0.219239,2.505247,5.159351
case3,texture_weight_0.85_h200,0.85,textured_non_edge,279395,0.850000,3.498540,4.379544
case3,texture_weight_0.85_h200,0.85,other,9786934,0.097569,0.368092,1.537832
case3,texture_weight_1.00_h200,1.00,strong_edge,2516583,0.219239,2.505247,5.159351
case3,texture_weight_1.00_h200,1.00,textured_non_edge,279395,1.000000,4.115929,4.856893
case3,texture_weight_1.00_h200,1.00,other,9786934,0.097569,0.368092,1.537832
case4,LQ,,strong_edge,2516583,,0.000000,35.340649
case4,LQ,,blurred_texture,54,,0.000000,30.672836
case4,LQ,,textured_non_edge,394737,,0.000000,24.136026
case4,LQ,,other,9671538,,0.000000,21.123352
case4,HYPIR-200,,strong_edge,2516583,,27.503132,41.003159
case4,HYPIR-200,,blurred_texture,54,,24.592590,33.944443
case4,HYPIR-200,,textured_non_edge,394737,,10.433134,25.249979
case4,HYPIR-200,,other,9671538,,10.104365,23.036854
case4,texture_selective_h200,,strong_edge,2516583,0.236601,6.395228,34.998287
case4,texture_selective_h200,,blurred_texture,54,0.237755,5.828787,29.345644
case4,texture_selective_h200,,textured_non_edge,394737,0.257520,2.630588,23.947495
case4,texture_selective_h200,,other,9671538,0.148741,1.677742,21.078594
case4,texture_weight_0.25_h200,0.25,strong_edge,2516583,0.236601,6.395228,34.998287
case4,texture_weight_0.25_h200,0.25,blurred_texture,54,0.250000,6.148148,29.299381
case4,texture_weight_0.25_h200,0.25,textured_non_edge,394737,0.250000,2.608284,23.946901
case4,texture_weight_0.25_h200,0.25,other,9671538,0.148741,1.677742,21.078594
case4,texture_weight_0.40_h200,0.40,strong_edge,2516583,0.236601,6.395228,34.998287
case4,texture_weight_0.40_h200,0.40,blurred_texture,54,0.400000,9.837037,29.248148
case4,texture_weight_0.40_h200,0.40,textured_non_edge,394737,0.400000,4.173253,24.002291
case4,texture_weight_0.40_h200,0.40,other,9671538,0.148741,1.677742,21.078594
case4,texture_weight_0.55_h200,0.55,strong_edge,2516583,0.236601,6.395228,34.998287
case4,texture_weight_0.55_h200,0.55,blurred_texture,54,0.550000,13.525926,29.699999
case4,texture_weight_0.55_h200,0.55,textured_non_edge,394737,0.550000,5.738224,24.168922
case4,texture_weight_0.55_h200,0.55,other,9671538,0.148741,1.677742,21.078594
case4,texture_weight_0.70_h200,0.70,strong_edge,2516583,0.236601,6.395228,34.998287
case4,texture_weight_0.70_h200,0.70,blurred_texture,54,0.700000,17.214815,30.616053
case4,texture_weight_0.70_h200,0.70,textured_non_edge,394737,0.700000,7.303194,24.437271
case4,texture_weight_0.70_h200,0.70,other,9671538,0.148741,1.677742,21.078594
case4,texture_weight_0.85_h200,0.85,strong_edge,2516583,0.236601,6.395228,34.998287
case4,texture_weight_0.85_h200,0.85,blurred_texture,54,0.850000,20.903704,32.022221
case4,texture_weight_0.85_h200,0.85,textured_non_edge,394737,0.850000,8.868164,24.799950
case4,texture_weight_0.85_h200,0.85,other,9671538,0.148741,1.677742,21.078594
case4,texture_weight_1.00_h200,1.00,strong_edge,2516583,0.236601,6.395228,34.998287
case4,texture_weight_1.00_h200,1.00,blurred_texture,54,1.000000,24.592590,33.944443
case4,texture_weight_1.00_h200,1.00,textured_non_edge,394737,1.000000,10.433134,25.249979
case4,texture_weight_1.00_h200,1.00,other,9671538,0.148741,1.677742,21.078594
case5,LQ,,strong_edge,2516583,,0.000000,17.700729
case5,LQ,,textured_non_edge,323862,,0.000000,7.156791
case5,LQ,,other,9742467,,0.000000,4.508435
case5,HYPIR-200,,strong_edge,2516583,,26.690998,21.127918
case5,HYPIR-200,,textured_non_edge,323862,,6.084229,7.231469
case5,HYPIR-200,,other,9742467,,4.085247,5.282000
case5,texture_selective_h200,,strong_edge,2516583,0.240315,6.270488,15.163031
case5,texture_selective_h200,,textured_non_edge,323862,0.254686,1.520739,6.687310
case5,texture_selective_h200,,other,9742467,0.096927,0.513310,4.387697
case5,texture_weight_0.25_h200,0.25,strong_edge,2516583,0.240315,6.270488,15.163031
case5,texture_weight_0.25_h200,0.25,textured_non_edge,323862,0.250000,1.521057,6.683442
case5,texture_weight_0.25_h200,0.25,other,9742467,0.096927,0.513310,4.387697
case5,texture_weight_0.40_h200,0.40,strong_edge,2516583,0.240315,6.270488,15.163031
case5,texture_weight_0.40_h200,0.40,textured_non_edge,323862,0.400000,2.433692,6.555206
case5,texture_weight_0.40_h200,0.40,other,9742467,0.096927,0.513310,4.387697
case5,texture_weight_0.55_h200,0.55,strong_edge,2516583,0.240315,6.270488,15.163031
case5,texture_weight_0.55_h200,0.55,textured_non_edge,323862,0.550000,3.346326,6.549118
case5,texture_weight_0.55_h200,0.55,other,9742467,0.096927,0.513310,4.387697
case5,texture_weight_0.70_h200,0.70,strong_edge,2516583,0.240315,6.270488,15.163031
case5,texture_weight_0.70_h200,0.70,textured_non_edge,323862,0.700000,4.258961,6.663652
case5,texture_weight_0.70_h200,0.70,other,9742467,0.096927,0.513310,4.387697
case5,texture_weight_0.85_h200,0.85,strong_edge,2516583,0.240315,6.270488,15.163031
case5,texture_weight_0.85_h200,0.85,textured_non_edge,323862,0.850000,5.171595,6.894785
case5,texture_weight_0.85_h200,0.85,other,9742467,0.096927,0.513310,4.387697
case5,texture_weight_1.00_h200,1.00,strong_edge,2516583,0.240315,6.270488,15.163031
case5,texture_weight_1.00_h200,1.00,textured_non_edge,323862,1.000000,6.084229,7.231469
case5,texture_weight_1.00_h200,1.00,other,9742467,0.096927,0.513310,4.387697
